smiles,source,predicted_pIC50,predicted_IC50_nM,MolWt,LogP,QED,AromaticRings,RingCount,is_novel
COC1C[C@@H](CNc2ccc(S(=N)(=O)NC(=O)c3ccc(N4CCC5(CC4)CC(N4CCN(C)C[C@@H]4c4ccccc4C4CC4)C5)cc3Oc3cnc4[nH]ccc4c3)cc2[N+](=O)[O-])CC[C@]1(C)O,mutation,9.820903586382512,0.15104154300159225,946.188,8.607170000000004,0.052505480694412764,5,10,True
CN(C)CCOC1CC(c2ccccc2C2CC2)N(C2CC3(CCN(c4ccc(C(=O)NS(=O)(=O)c5ccc(NCC6CCOCC6F)c([N+](=O)[O-])c5)c(Oc5cnc6[nH]ccc6c5)c4)CC3)C2)C1,mutation,9.781154914203578,0.16551794504564937,965.1619999999997,8.18880000000001,0.05994846243503371,5,10,True
CNCC(=O)N1CCC(c2ccccc2[C@H]2CCCN2c2ccc(-c3ccc(C(=O)NS(=O)(=O)c4ccc(NC[C@H]5CC[C@](C)(O)CC5)c([N+](=O)[O-])c4)c(Oc4cc5cc[nH]c5n#c4C)c3)cc2)CC1,mutation,9.767687808368288,0.17073092434785217,969.1779999999995,8.922810000000004,0.04823542611562307,6,9,True
CN1CCN(C2CC3(CCN(c4ccc(C(=O)NS(=O)(=O)c5ccc(NC[C@H]6CC[C@](C)(O)CC6)c([N+](=O)[O-])c5)c(Oc5cnc6[nH]ccc6c5)c4)SC3)C2)[C@@H](c2ccccc2C2CC2)C1,mutation,9.764487564874582,0.17199365873647157,935.1859999999998,8.608400000000007,0.050018328525315535,5,10,True
CN(C)CC(=O)N1CCC(Cl)(c2ccccc2[C@H]2CCCN2c2ccc(-c3ccc(C(=O)NS(=O)(=O)c4ccc(NC[C@H]5CC[C@](C)(O)CC5)c([N+]=O)c4)c(Oc4cnc5[nH]ccc5c4)c3)cc2)CC1,mutation,9.751471957940943,0.17722624750590935,987.6239999999996,9.187300000000002,0.07178227502531319,6,9,True
CC(C)c1ccccc1[C@@H]1CN(C)CCN1C1CC2(CCN(c3ccc(C(=O)NS(=O)(=O)c4ccc(NC[C@H]5CC[C@](N)(O)CC5)c([N+](=O)[O-])c4)c(Oc4cnc5[nH]ccc5c4)c3)CC2)C1,mutation,9.746221746086695,0.17938174890703323,920.1499999999994,7.492600000000008,0.04407114227895474,5,9,True
CNCC(=O)N1CCC(c2ccccc2[C@H]2CCCN2c2ccc(-c3ccc(C(=O)NS(=O)c4ccc(NC[C@H]5CC[C@](C)(O)CC5)c([N+][O-])c4)c(Oc4cnc5[nH]ccc5c4)c3)cc2)CC1,mutation,9.716266701476854,0.19219111153546353,923.1529999999996,8.828500000000005,0.062286319848855055,6,9,True
CC[C@]1(O)CC[C@H](CNc2ccc(S(=O)(=O)NC(=O)c3ccc(N4CCC5(CC4)CC(N4CCN(C)C[C@H]4c4ccccc4C4CC4)C5)cc3Oc3cnc4[nH]ccc4c3)cc2[N+][O-])CC1,mutation,9.704951401924747,0.19726434649427635,915.1739999999998,8.565900000000006,0.07844160197015662,5,10,True
CC(C)c1ccccc1[C@@H]1CN(C)CCN1C1CC2(CCN(c3ccc(C(=O)NS(=O)(=O)c4ccc(NC[C@H]5CC[C@](C)(O)CC5)c([N+](=O)[O-])c4O)c(Oc4cnc5[nH]ccc5n4)c3)CC2)C1,mutation,9.704615171295934,0.1974171276129886,936.1489999999994,7.69690000000001,0.056473279252896816,5,9,True
CN1C[C@H](c2ccccc2C2CC2)N(C2CC3(CCN(c4ccc(C(=O)NS(=O)(=O)c5ccc(NC[C@H]6CC[C@](C)(O)CC6)c([N+](=O)[O-])c5)c(Oc5cnc6[nH]ccc6c5)c4)CC3)C2)CS1,mutation,9.7013136819525,0.19892360357963745,935.1859999999995,8.956000000000005,0.04986334344632546,5,10,True
CNCC(=O)N1CCC(c2ccccc2[C@H]2CCCN2c2ccc(-c3ccc(C(=O)NS(=O)(=O)c4cc5c(NC[C@H]6CC[C@](C)(O)CC6)c([N+](=O)[O-])c4-5)c(Oc4cnc5[nH]ccc5c4)c3)cc2)CC1,mutation,9.700413373923848,0.19933640707083228,953.1349999999995,8.649500000000005,0.04828610222708963,5,10,True
CN(C)CCC(=O)N1CC=C(c2ccccc2[C@H]2CCCN2c2ccc(-c3ccc(C(=O)NS(=O)(=O)c4ccc(NC[C@H]5CC[C@](C)(O)CC5)c([N+](=O)[O-])c4)c(Oc4cnc5[nH]cc(N)c5c4)c3)cc2)CC1,mutation,9.692788325741475,0.20286712488917438,996.2039999999995,8.893300000000004,0.045127598251667705,6,9,True
COCC(C)c1ccccc1[C@@H]1CN(C)CCN1C1CC2(CCN(c3ccc(C(=O)NS(=O)(=O)c4ccc(NC[C@H]5CC[C@](C)(O)CC5O)c([N+](=O)[O-])c4)c(Oc4cnc5[nH]ccc5c4)c3)CC2)C1,mutation,9.687339822609056,0.20542825515009763,965.1869999999997,7.19360000000001,0.051880047861378245,5,9,True
COc1c(S(=O)(=O)NC(=O)c2ccc(N3CCC4(CC3)CC(N3CCC[C@H]3c3ccccc3C3CC3)C4)cc2Oc2cnc3[nH]ccc3c2)ccc(NCC2C=CC(O)(C(F)(F)F)CC2)c1[N+](=O)[O-],mutation,9.68043844570596,0.20871879284446326,970.0840000000001,9.525699999999999,0.04689190347339791,5,10,True
C[C@]1(O)CC[C@H](CNc2ccc(S(=O)(=O)NC(=O)c3ncc(N4CCC56CC4CN4CCN(C(C5)C6)[C@H](c5ccccc5C5CC5)C4)cc3Oc3cnc4[nH]ccc4c3)cc2[N+](=O)[O-])CC1,mutation,9.677786341519598,0.2099972746474858,916.1179999999998,7.497700000000008,0.07096876579468757,5,13,True
O=C(NS(=O)(=O)c1ccc(NCC2CCC(O)(C(F)F)CC2)c([N+](=O)[O-])c1)c1ccc(N2CCC3(CC2)CC(N2CCC[C@H]2c2ccccc2C2CC2O)C3)cc1Oc1cnc2[nH]ccc2c1,mutation,9.676346802834388,0.2106944991733806,940.0829999999996,8.414700000000007,0.05263190241712502,5,10,True
CN1CC=C(c2ccccc2[C@H]2CCCN2c2ccc(-c3ccc(C(=O)NS(=O)(=O)c4ccc(NC[C@H]5CC[C@](C)(O)CC5)c([N+]=O)c4)c(Oc4cnc5[nH]ccc5c4)c3)c(O)c2)CC1,mutation,9.675065975180374,0.21131679967754843,896.0829999999996,8.993700000000004,0.07436654076838667,6,9,True
CN1CC=C(c2ccccc2[C@H]2CCCN2c2ccc(-c3ccc(C(=O)N[SH](=O)(O)c4ccc(NCC5(F)CCN(C6COC6)CC5)c([N+](=O)[O-])c4)c(Oc4cnc5[nH]ccc5c4)c3)cc2)CC1,mutation,9.654142041659446,0.2217471048435194,943.1149999999994,8.799200000000004,0.03990486440341094,6,10,True
CC1(C)CC(CNc2ccc(S(=O)(=O)NC(=O)c3ccc(N4CCC5(CC4)CC(N4CCC[C@H]4c4ccccc4C4CC4)C5)cc3Oc3cnc4[nH]ccc4c3)cc2[N+]([O-])=S)CC(C)(CO)O1,mutation,9.653306385576085,0.22217419456649204,948.2249999999999,9.177800000000001,0.06148600611558093,5,10,True
CN1CCN(C2CC3(CCN(c4cc(Oc5cnc6[nH]ccc6c5)c(C(=O)NS(=O)(=O)c5ccc(NC[C@H]6CC[C@](C)(O)CC6)c([N+](=O)[O-])c5)cc#4)CC3)C2)[C@H](c2ccccc2C2CC2)C1,mutation,9.651855908619167,0.22291746280904448,916.1379999999994,7.7698800000000094,0.07052254653488088,5,10,True
C[C@]1(O)CC[C@H](CNc2ccc(S(=O)(=O)NC(=O)c3ccc(-c4ccc(N5CCC[C@@H]5c5ccccc5C5CCN(C(=O)CN)CC5)cc4)cc3Oc3cnc4[nH]ccc4c3)cc2[N+](=O)[O-])CC1,mutation,9.64101902822843,0.2285498664080097,941.1239999999996,8.408400000000006,0.05126263192627764,6,9,True
CN(C)CC(=O)N1CCC(c2ccccc2[C@H]2CCCN2c2ccc(-c3ccc(C(=O)NS(=O)(=O)c4ccc(NC[C@H]5CC[C@](C)(O)CC5)c([N+]=O)c4)c(Oc4cc5cc[nH]c5nc4N)c3)cc2)CC1,mutation,9.639245272672879,0.2294852238561176,968.1939999999995,8.419000000000006,0.06555209115381203,6,9,True
CNCC(=O)N1CCC(c2cc(OC)ccc2[C@H]2CCCN2c2ccc(-c3ccc(C(=O)NS(=O)(=O)c4ccc(OC[C@H]5CC[C@](C)(O)CC5)c([N+](=O)[O-])c4)c(Oc4cnc5[nH]ccc5c4)c3)cc2)CC1,mutation,9.633011660763117,0.23280287494882912,986.1609999999997,8.644600000000006,0.052792926753002796,6,9,True
CCc1ccccc1[C@@H]1CCCN1C1CC2(CCN(c3ccc(C(=O)NS(=O)(=O)c4ccc(NC[C@@H]5COCCO5)c([N+][O-])c4)c(Oc4cnc5[nH]ccc5c4)c3)C(N)C2)C1,mutation,9.62789408572372,0.2355623695427491,849.0269999999996,6.468200000000006,0.09433799519882966,5,9,True
CC1Cc2nc3[nH]ccc3cc2Oc2cc(ccc2C(=O)NS(=O)(=O)c2ccc(NC[C@H]3CC[C@@](O)(C(F)F)CC3)c([N+](=O)[O-])c2)N2CCC3(CC2)CC(C3)N2CCC[C@@H]2c2ccccc21,mutation,9.622954056954155,0.23825715029595124,924.0839999999994,9.226100000000002,0.08600068675236146,5,12,True
CNCC(=O)N1CCC(c2ccccc2[C@H]2CCCN2c2ccc(-c3ccc(C(=S)NS(=O)(=O)c4ccc(NC[C@H]5CC[C@](C)(O)CC5)c([N+](=O)[O-])c4)c(Oc4cnc5[nH]ccc5c4)c3)cc2)C(O)C1,mutation,9.620156769230759,0.23979671577891337,987.2179999999997,8.175200000000007,0.032577082373237594,6,9,True
CC1C[C@@H](c2ccccc2C2CC2)N(C2CC3(CCN(c4ccc(C(=O)NS(=O)(=O)c5ccc(NC[C@@H]6COCCO6)c([N+](=O)[O-])c5)c(Oc5cnc6[nH]ccc6c5)c4)CC3)C2)C1,mutation,9.608120558432672,0.24653548694625815,876.0489999999995,7.918900000000008,0.07694608204269486,5,10,True
O=C(NS(=O)(=O)c1ccc(NCC2CCC(O)(C(F)F)CC2)c([N+](=O)[O-])c1)c1ccc(N2CCC3(CC2)CC(N2CCC[C@H]2c2ccccc2C2CC2)C3)cc1Oc1cnc2[nH]ccc2c1,mutation,9.59592383927017,0.25355732462722086,924.0839999999995,9.443900000000003,0.061498444953739136,5,10,True
CCc1ccccc1[C@@H]1CCCN1C1CC2(CCN(c3ccc(C(=O)NS(=O)c4ccc(NC[C@H]5OCCOC5N)c([N+](=O)[O-])c4)c(Oc4cnc5[nH]ccc5c4)c3)CC2)C1,mutation,9.589737523097464,0.25719497362943794,849.0269999999996,6.976600000000006,0.07041584909756465,5,9,True
CC1CC(CNc2ccc(S(=O)(=O)NC(=O)c3ccc(N4CCC5(CC4)CC(N4CCC[C@H]4c4ccccc4C4CC4)C5)cc3Oc3cnc4[nH]ncc4c3)cc2[N+](=O)[O-])CCO1,mutation,9.584551704784111,0.26028449320952923,875.0649999999999,8.467600000000006,0.07586186354816268,5,10,True
CN(C)CCC(=O)N1CCC(c2ccccc2[C@H]2CCCN2c2ccc(-c3ccc(C(=O)NS(=O)(=O)c4ccc(NC[C@H]5CC[C@](C)(O)CC5)c([N+]=O)c4)c(Oc4cnc5[nH]ccc5c4)c3)cc2)C(O)C1,mutation,9.580859086611714,0.2625070148781286,983.2049999999997,8.197700000000008,0.062147755552659466,6,9,True
CNCC(=O)N1C=CC(c2ccccc2[C@H]2CCCN2c2ccc(-c3ccc(C(=O)N(Cl)S(=O)(=O)c4ccc(NC[C@H]5CC[C@](C)(O)CC5)c([N+](=O)[O-])c4)c(Oc4cnc5[nH]ccc5c4)c3)cc2)CC1,mutation,9.577250752698406,0.2646971390494881,987.5799999999995,9.658900000000003,0.04316330557442876,6,9,True
CNCCC(=O)N1CCC(c2ccccc2[C@H]2CCCN2c2ccc(-c3ccc(C(=O)NS(=O)(=O)c4ccc(NC[C@H]5CC[C@](C)(O)CC5)c([N+](=O)[O-])c4)c(Oc4cnc5[nH]cc(C)c5c4)c3)cc2)CC1,mutation,9.577119829819638,0.26477694696086723,983.2049999999996,9.367620000000002,0.045356761326086216,6,9,True
CN1CC=C(c2ccccc2[C@H]2CCCN2c2ccc(-c3ccc(C(=O)NS(=O)(=O)c4ccc(NC[C@H]5CC[C@](C)(O)CC5)c([N+](=O)[O-])c4N)c(Oc4cnc5[nH]ccc5c4)c3)cc2)OC1,mutation,9.566817368412694,0.27113315742748967,913.0699999999996,8.586300000000007,0.04171461740371602,6,9,True
Nc1ccc(Oc2cc(N3CCC4(CC3)CC(N3CCC[C@H]3c3ccccc3C3CC3)C4)ccc2C(=O)NS(=O)(=O)c2ccc(NCC3=CCOCC3)c([N+](=O)[O-])c2)cn1,mutation,9.564372100252525,0.272664061650215,834.012,7.705100000000009,0.0679266735145708,4,9,True
CNCCN1CCC(c2ccccc2[C@H]2CCCN2c2ccc(-c3ccc(C(=O)NS(=O)(=O)c4ccc(NC[C@H]5CC[C@](C)(O)CC5)c([N+](=O)[O-])c4)c(Oc4cnc5[nH]ccc5c4)c3)cc2)CC1,mutation,9.560047967494171,0.2753924517678133,941.1679999999996,9.142500000000004,0.04569781485735739,6,9,True
O=C(NS(=O)(=O)c1ccc(NC[C@@H]2NOCCO2)c([N+](=O)[O-])c1)c1ccc(N2CCC3(CC2)CC(N2CCC[C@H]2c2ccccc2C2CC2)C3)cc1Oc1cnc2[nH]ccc2c1,mutation,9.538830620110438,0.2891807500954676,863.0099999999999,7.135000000000008,0.0690680389841338,5,10,True
CN1CC=C(c2ccccc2[C@H]2CCCN2c2ccc(-c3ccc(CNS(=O)(=O)c4ccc(NCC5(F)CCN(C6COC6)CC5)c([N+](=O)[O-])c4)c(Oc4cnc5[nH]ccc5c4)c3O)cc2)CC1,mutation,9.535385457127864,0.29148388067152187,943.1149999999996,8.789700000000003,0.05692782292544976,6,10,True
CN(C)CCOC1CC(c2ccccc2C2CC2)N(C2CC3(CCN(c4ccc(C(=O)NS(=O)(=O)c5ccc(NCC6CCOCC6)c([N+][O-])c5)c(Oc5cnc6[nH]ccc6c5)c4)CC3)C2)C1,mutation,9.533269403086353,0.29290757069936496,931.1729999999995,8.066300000000009,0.07656410620750692,5,10,True
CN1CC=C(c2ccccc2[C@H]2CCCN2c2cc#c(-c3ccc(C(=O)NS(=O)(=O)c4ccc(NC[C@H]5CC[C@](C)(O)CC5)c([N+](=O)[O-])c4F)c(Oc4cnc5[nH]ccc5c4)c3)cc2)CC1,mutation,9.53125907452381,0.2942665688969738,913.0649999999996,9.211880000000003,0.06784768841646238,6,9,True
CC(C)c1ccccc1[C@@H]1CN(C)CCN1C1CC2(CCN(c3ccc(C(=O)NS(=O)(=O)c4ccc(NC[C@H]5CC[C@](C)(O)CC5)c([N+][O-])c4)c(Oc4cnc5[nH]ccc5c4)c3)CC2)C1,mutation,9.530428470686545,0.29482990283417543,903.1629999999994,8.421800000000008,0.08336836870567998,5,9,True
CNCC(=O)N1CCC(c2ccccc2[C@H]2CCCN2c2ccc(-c3ccc(C(=O)NS(=O)(=O)c4ccc(N=C[C@H]5CC[C@](C)(O)CC5)c([N+](=O)[O-])c4)c(Oc4cnc5[nH]ccc5c4)c3OC)cc2)CC1,mutation,9.526251649811293,0.2976791042598314,983.1609999999996,8.968100000000005,0.04302408623430521,6,9,True
C[C@]1(O)CC[C@H](CNc2ccc(S(=O)(=O)NC(=O)c3ccc(N4CCC5(CC4)CC(N4CCNC[C@@H]4c4ccccc4C4CC4)C5)cc3Oc3cnc4[nH]ccc4c3)cc2[N+][O-])CC1,mutation,9.522467524639255,0.3002841956824494,887.1199999999999,7.833600000000009,0.07251672566686257,5,10,True
COc1cc2c([N+](=O)[O-])cc1S(=O)(=O)NC(=O)c1ccc(cc1Oc1cnc3[nH]ccc3c1)N1CCC3(CC1)CC(C3)N1CC(C[C@H]1c1ccccc1C1CC1)C1COC(C)(C)CC1CN2,mutation,9.521202967328783,0.3011598226182268,916.1139999999994,8.937100000000004,0.10888505281663526,5,18,True
CCc1ccccc1[C@@H]1CN(C)CCN1C1CC2(CCN(c3ccc(C(=O)NS(=O)(=O)c4ccc(NC[C@H]5CC[C@](C)(O)CC5)c([N+][O-])c4)c(Oc4cnc5[nH]ccc5c4)c3)CC2)C1,mutation,9.515983391773227,0.3048011549016122,889.1359999999994,7.860800000000009,0.08459352582938569,5,9,True
CN1CCN(C2CC3(CCN(c4ccc(C(=O)NS(=O)(=O)c5ccc(NC[C@H]6CC[C@](C)(O)CC6)c([N+]=O)c5)c(Oc5cnc6[nH]ccc6c5)c4)CC3)C2)[C@H](c2ccccc2C2CC2)C1,mutation,9.515886516056728,0.30486915282710497,901.1469999999997,8.17580000000001,0.0897737647275307,5,10,True
CC(C)c1c(O)cccc1[C@H]1CCCN1C1CC2(CCN(c3ccc(C(=O)NS(=O)(=O)c4ccc(NC[C@H]5CC[C@@](O)(C(F)(F)F)CC5)c([N+][O-])c4)c(Oc4cnc5[nH]ccc5c4)c3)CC2)C1,mutation,9.512645000952379,0.3071531680171348,944.0899999999996,9.518200000000002,0.07052496510012345,5,9,True
CN(C)CCOC1CC(c2ccccc2C2CC2O)N(C2CC3(CCN(c4ccc(C(=O)NS(=O)(=O)c5ccc(NCC6CCOCC6)c([N+](=O)[O-])c5)c(Oc5c#nc6[nH]ccc6c5)c4)CC3)C2)C1,mutation,9.512339860588858,0.30736905324488584,962.1629999999994,7.0117900000000075,0.05470744420646354,5,10,True
CN1CC=C(c2ccccc2[C@H]2CCCN2c2ccc(-c3ccc(C(=O)NS(=O)(=O)c4ccc(NCC5(N)CCN(C6COC6)CC5)c([N+]=O)c4)c(Oc4cnc5[nH]ccc5c4)c3)cc2)CC1,mutation,9.506122611909188,0.3118009169892948,922.1249999999994,7.539000000000008,0.0841853108482298,6,10,True
CC(C)c1c(N)cccc1[C@H]1CCCN1C1CC2(CCN(c3ccc(C(=O)NS(=O)(=O)c4ccc(NC[C@H]5CC[C@@](O)(C(F)F)CC5)c([N+](=O)[O-])c4)c(Oc4cnc5[nH]ccc5c4)c3)CC2)C1,mutation,9.488765358261178,0.3245148997381114,941.1149999999996,9.272100000000002,0.04009879032396965,5,9,True
O=C(NS(=O)(=O)c1ccc(NCC2CCC(O)(C(F)F)CC2)c([N+](=O)[O-])c1)c1ccc(N2CCC3(CC2)CC(N2CCC[C@H]2c2ccccc2C2CC2)C3)cc1Oc1ccc2[nH]ccc2c1,mutation,9.487713221114994,0.3253020340771161,923.0959999999995,10.0489,0.062112804132675926,5,10,True
CC(C)c1ccccc1[C@H]1CNCN1C1CC2(CCN(c3ccc(CNS(=O)(=O)c4ccc(NC[C@H]5CC[C@@](O)(C(F)(F)F)CC5)c([N+](=O)[O-])c4)c(Oc4cnc5[nH]ccc5c4)c3)CC2)C1,mutation,9.485554879992776,0.32692273235396335,931.0949999999997,9.113800000000003,0.05301768171587278,5,9,True
O=C1NS(=O)(=O)c2cc([N+](=O)[O-])c(NC[C@@H]3COCCO3)cc2C2CC2c2ccccc2[C@@H]2CCCN2C2CC3(CCN(CC3)c3ccc1c(Oc1cnc4[nH]ccc4c1)c3)C2,mutation,9.483301212614046,0.32862362909143467,860.0059999999996,7.380000000000009,0.11408290135548706,5,14,True
CC(C)c1ccccc1[C@H]1CCCN1C1CC2(CCN(c3ccc(C(=O)NS(=O)(=O)c4ccc(NC[C@H]5CC[C@@](O)(C(F)F)CC5)c([N+]=O)c4)c(Oc4cnc5[nH]ccc5c4)c3)CC2)C1,mutation,9.480609244301245,0.33066692421714544,910.1009999999995,9.515400000000001,0.08415798874556385,5,9,True
CCc1ccccc1[C@@H]1CCCN1C1CC2(CCN(c3ccc(C(=O)NS(=O)(=O)c4ccc(NC[C@@H]5COCCO5)c([N+]=O)c4)c(Oc4cnc5[nH]c#cc5c4)c3)CC2)C1,mutation,9.474564703116885,0.335301346048414,831.9959999999995,6.783780000000006,0.11435417311983356,5,9,True
COC1OCCO[C@@H]1CNc1ccc(S(=O)(=O)NCc2ccc(N3CCC4(CC3)CC(N3CCC[C@H]3c3ccccc3C3CC3)C4)cc2Oc2cnc3[nH]ccc3c2)cc1[N+](=O)[O-],mutation,9.471359364126997,0.3377852145900651,878.065,8.005200000000007,0.06844408284160367,5,10,True
Cc1ccccc1[C@@H]1CCCN1C1CC2(CCN(c3ccc(C(=O)NS(=O)(=O)c4cc([N+](=O)[O-])c(NC[C@@H]5COCCO5)cc4F)c(Oc4cnc5[nH]ccc5c4)c3)CC2)C1,mutation,9.469374078923297,0.3393328628049605,853.9739999999996,7.243020000000008,0.08469858659536486,5,9,True
CCc1ccccc1[C@@H]1CCCN1C1CC2(CCN(c3ccc(C(=O)NS(=O)(=O)c4ccc(NC[C@H]5CC[C@@](O)(C(F)F)CC5)c([N+](=O)[O-])c4)c(Oc4cnc5[nH]ccc5c4)c3)CC2)C1,mutation,9.46481491938784,0.34291389291937285,912.0729999999996,9.128900000000002,0.061590677406963244,5,9,True
CN1CC=C(c2ccccc2[C@H]2CCCN2c2ccc(-c3ccc(C(=O)NS(=O)(=O)c4cc([N+][O-])c(NCC5(F)CCN(C6COC6)CC5)cc4N)c(Oc4cnc5[nH]ccc5c4)c3)cc2)CC1,mutation,9.464597835401255,0.343085342767323,940.1149999999993,8.132000000000007,0.060596976747779176,6,10,True
CCc1ccccc1[C@@H]1CN(C)CCN1C1CC2(CCN(c3ccc(C(=O)NS(=O)c4ccc(NC[C@H]5CC[C@](C)(O)CC5)c([N+](=O)[O-])c4)c(Oc4cnc5[nH]ccc5c4)c3)CC2)C1,mutation,9.456163183469306,0.34981370199329576,889.1359999999995,8.369200000000008,0.06622442195377529,5,9,True
CN(C)CCCN1CCC(c2ccccc2[C@H]2CCCN2c2ccc(-c3ccc(C(=O)NS(=O)(=O)c4ccc(NC[C@H]5CC[C@](N)(O)CC5)c([N+](=O)[O-])c4)c(Oc4cnc5[nH]ccc5c4)c3)cc2)CC1,mutation,9.44914435079253,0.35551313347961766,970.2099999999996,8.771100000000004,0.03290800146308094,6,9,True
O=C(NS(=O)c1ccc(NC[C@@H]2COCCO2)c([N+](=O)[O-])c1)c1ccc(N2CCC3(CC2)CC(N2CCC[C@H]2c2c(O)cccc2C2CC2)C3)cc1Oc1cnc2[nH]ccc2c1,mutation,9.444913461710511,0.3589934611929314,862.0219999999998,7.7124000000000095,0.06691208787239482,5,10,True
C[C]1CC[C@@H](CNc2ccc(S(=O)(=O)NC(=O)c3ccc(N4CCC5(CC4)CC(N4CCN(C)C[C@@H]4c4ccccc4C4CC4)C5)cc3Oc3cnc4[nH]ccc4c3)cc2[N+](=O)[O-])NC1,mutation,9.444480134680878,0.3593518337028691,901.127,7.755490000000009,0.06684626276701598,5,10,True
CN1CCN(C2CC3(CCN(c4ccc(C(=O)NS(=O)(=O)c5ccc(NC[C@H]6CC[C@](O)CC6)c([N+](=O)[O-])c5)c(Oc5cnc6[nH]ccc6c5)c4)CC3)C2)[C@@H](c2ccccc2C2CN2)C1,mutation,9.440530463575868,0.3626348483401123,903.0989999999998,7.270690000000007,0.0448218945114858,5,10,True
CN1CSN(C2CC3(CCN(c4ccc(C(=O)NS(=O)(=O)c5ccc(NC[C@H]6CC[C@](C)(O)CC6)c([N+]=O)c5)c(Oc5cnc6[nH]ccc6c5)c4)CC3)C2)[C@@H](c2ccccc2C2CC2)C1,mutation,9.436570364968928,0.36595664297296643,919.1869999999996,8.781500000000005,0.08285052754639781,5,10,True
CN1CC=C(c2ccccc2[C@H]2CCCN2c2cc#c(-c3ccc(C(=O)NS(=O)(=O)c4ccc(NOC5(F)CCN(C6COC6)CC5)c([N+](=O)[O-])c4)c(Oc4cnc5[nH]ccc5c4)c3)cc2)CC1,mutation,9.43587655161338,0.36654174948558943,942.0629999999994,8.223580000000007,0.07442516080074257,6,10,True
CN1CC=C(c2ccccc2[C@H]2CCCN2c2ccc(S3=CC=C(C(=O)NS(=O)(=O)c4ccc(NC[C@H]5CC[C@](C)(O)CC5)c([N+](=O)[O-])c4)C(Oc4cnc5[nH]ccc5c4)=C3)cc2)NC1,mutation,9.432396920927957,0.36949033186658103,917.1269999999996,7.794600000000009,0.04378819726250249,5,9,True
O=C(NS(=O)(=O)c1ccc(NC[C@H]2CC[C@@](O)(C(F)(F)F)CC2)c([N+](=O)[O-])c1)c1ccc(N2CCC3(CC2)CC(N2CCC[C@@H]2c2ccccc2CCl)C3)cc1Oc1cnc2[nH]ccc2c1,mutation,9.421898528290047,0.37853101711563686,950.4809999999993,9.6025,0.05010367858398886,5,9,True
CN1CC(=O)N2CCC(CC2)c2ccccc2[C@H]2CCCN2c2ccc(cc2)-c2ccc(c(Oc3cnc4[nH]ccc4c3)c2)C(=O)NS(=O)(=O)c2ccc(c([N+](=O)[O-])c2)NC[C@@H]2CC[C@@](C)(O)CC21C,mutation,9.417499170527242,0.3823849839865828,967.1619999999999,8.763700000000004,0.09715297828430387,6,14,True
CN1CC=C(c2ccccc2[C@H]2CCCN2c2ccc(-c3ccc(C(=O)NS(=O)(=O)c4ccc(N(N)C[C@H]5CC[C@](C)(O)C(O)C5)c([N+](=O)[O-])c4)c(Oc4cnc5[nH]ccc5c4)c3)cc2)CC1,mutation,9.409481707969798,0.3895097131006555,927.0969999999998,7.70160000000001,0.04264201375246663,6,9,True
CNCC(=O)N1CCC(c2ccccc2[C@H]2CCCN2c2ccc(-c3ccc(C(=O)NS(=O)c4ccc(NC[C@H]5CC[C@](C)(O)CC5)c([N+](=O)[O-])c4)c(Oc4cnc5[nH]ccc5c4)c3)cc2)CC1,mutation,9.396055769379503,0.40173921870010365,939.1519999999996,9.003000000000004,0.04871606644724223,6,9,True
CN1CC=C(c2ccccc2[C@H]2CCCN2c2ccc(-c3ccc(C(=O)NS(=O)(=O)c4ccc(NCC5CCN(C6COC6)CC5)c([N+](=O)[O-])c4)c(Oc4cnc5[nH]ccc5c4)c3)cc2)CC1F,mutation,9.378957612004667,0.41787114970215505,941.0989999999996,8.927800000000003,0.05382548188010078,6,10,True
CN(C)CCC(=O)N1CCC(c2ncccc2[C@H]2CCCN2c2ccc(-c3ccc(C(=O)NS(=O)c4ccc(NC[C@H]5CC[C@](C)(O)CC5)c([N+](=O)[O-])c4)c(Oc4cnc5[nH]ccc5c4)c3)cc2)CC1,mutation,9.375459473073034,0.4212505946344754,968.1939999999996,9.130300000000002,0.05307852193866546,6,9,True
CC(C)c1ccccc1[C@@H]1CNCCN1C1CC2(CCN(c3ccc(C(=O)NS(=O)c4ccc(NC[C@H]5CC[C@](C)(O)CC5)c([N+](=O)[O-])c4)c(Oc4cnc5[nH]ccc5c4)c3)CC2)C1,mutation,9.373578589173052,0.42307894316045536,889.1359999999995,8.588000000000006,0.05652075507290706,5,9,True
CNCC(=O)N1CCC(c2ccccc2[C@H]2CCCN2c2ccc(-c3ccc(C(=O)NS(=O)c4ccc(NC[C@H]5CC[C@](C)(O)CC5C)c([N+](=O)[O-])c4)c(Oc4cnc5[nH]ccc5c4)c3)cc2)CC1,mutation,9.362460514806857,0.4340497247911636,953.1789999999996,9.249000000000002,0.04864533424905608,6,9,True
CC(C)c1c2cccc1[C@@H]1C2CCN1C1CC2(CCN(c3ccc(C(=O)NS(=O)(=O)c4ccc(NC[C@@H]5CC[C@](O)(C(F)(F)F)CC5F)c([N+](=O)[O-])c4)c(Oc4cnc5[nH]ccc5c4)c3)CC2)C1,mutation,9.346071725734813,0.4507422562333578,960.0639999999997,9.6422,0.05307996376446827,5,10,True
CN(CC1CCOCC1)C(=O)Nc1ccc(S(=O)(=O)NSc2ccc(N3CCC4(CC3)CC(N3CCC[C@H]3c3ccccc3C3CC3)C4)cc2Oc2cnc3[nH]ccc3c2)cc1[N+](=O)[O-],mutation,9.337624716376952,0.4595949876534583,921.1589999999998,9.602800000000002,0.054960853883690465,5,10,True
CC(C)c1ccccc1[C@@H]1CCCN1C1CC2(CCN(c3ccc(C(=O)NS(=O)c4ccc(NC[C@@H]5CC[C@](O)(C(F)(F)F)CC5F)c([N+](=O)[O-])c4)c(Oc4cnc5[nH]ccc5c4)c3)CC2)C1,mutation,9.337338661616164,0.4598978066999655,946.0809999999997,10.268999999999995,0.05070638353366978,5,9,True
C[C@]12CC[C@@H](CC1)CNc1ccc(cc1[N+](=O)[O-])S(=O)(=O)NC(=O)c1ccc(cc1Oc1cnc3[nH]ccc3c1)-c1ccc(cc1)N1CCC[C@@H]1c1ccccc1C1(CCN(C(=O)CNF)CC1)O2,mutation,9.31754749699689,0.4813406088835817,957.0979999999995,9.073400000000005,0.07269256901737385,6,15,True
CN(C)CCOC12CC(c3ccccc3C3CC3)N(N1)C1CC3(CCN(CC3)c3ccc(C(=O)NS(=O)(=O)c4ccc(NCC5CCOCC5)c([N+](=O)[O-])c4)c(c3)Oc3cnc4[nH]cc2c4c3)C1,mutation,9.313691466910873,0.4856333831019555,946.1439999999997,7.543200000000008,0.06673760484198267,5,13,True
CC1(C)CC(CNc2ccc(S(=O)(=O)NC(=O)c3cc(Cl)c(N4CCC5(CC4)CC(N4C(O)CC[C@H]4c4ccccc4C4CC4)C5)cc3Oc3cnc4[nH]ccc4c3)cc2[N+](=O)[O-])CCO1,mutation,9.313202705958489,0.48618022921254916,938.5479999999998,9.434500000000003,0.06469263459601479,5,10,True
Nc1ncc(Oc2cc(N3CCC4(CC3)CC(N3CCC(Cl)[C@H]3c3ccccc3C3CC3)C4)ccc2C(=O)NS(=O)(=O)c2ccc(NC3C4CCOCC43)c([N+](=O)[O-])c2)cc1Cl,mutation,9.303536843332227,0.4971221986205412,902.9019999999999,8.264000000000008,0.0704518648492459,4,10,True
CCc1ccccc1[C@@H]1CCCN1C1CC2(CCN(c3ccc(C(=O)NS(=O)(=O)c4ccc(NC[C@@H]5COCCO5)c([N+])c4)c(Oc4cnc5[nH]ccc5c4)c3)CC2)C1,mutation,9.296895107417033,0.5047832001487839,818.0129999999996,7.149900000000007,0.11804516001660745,5,9,True
CO[C@]1CC[C@@H](CNc2ccc(S(=O)(=O)NC(=O)c3ccc(N4CCC5(CC4)CC(N4CCC[C@H]4c4ccccc4C(C)C)C5)cc3Oc3cnc4[nH]ccc4c3)cc2[N+](=O)[O-])CC1,mutation,9.29123180272117,0.5114088005402119,889.1120000000001,9.872089999999998,0.07159580152900621,5,9,True
CCc1ccccc1[C@@H]1CCCN1C1CC2(CCN(c3ccc(C(=O)NS(=O)c4ccc(NC[C@@H]5COCCO5)c([N+][O-])c4)c(Oc4cnc5[nH]ccc5c4)c3)CC2)C1,mutation,9.278600131623383,0.5265018098078603,818.0129999999996,7.517300000000008,0.10159572661210599,5,9,True
CN1CC2c3c(cnc4[nH]ccc34)Oc3cc(ccc3C(=O)NS(=O)(=O)c3ccc(NC[C@H]4CC[C@](C)(O)CC4)c([N+]=O)c3)N3CCC4(CC3)CC(C4)N2[C@H](c2ccccc2C2CC2)C1,mutation,9.271329123025874,0.5353907665291174,899.1309999999994,8.23050000000001,0.11225817681399158,5,13,True
CN(C)CCC(=O)N1CCC(c2ccccc2[C@H]2CCCN2c2ccc(-c3ccc(C(=O)NS(=O)(=O)S4=CC=C(NC[C@H]5CC[C@](C)CC5)C([N+](=O)[O-])=C4)c(Oc4cnc5[nH]ccc5c4)c3)cc2)CC1,mutation,9.267754084075369,0.5398162027817326,986.2539999999996,9.456890000000001,0.03706240429440528,5,9,True
CNCC(=O)N1CCC(c2ccccc2[C@H]2CCCN2C2=CC=S(c3ccc(C(=O)NS(=O)(=O)c4ccc(NC[C@H]5CC[C@](C)(O)CC5)c([N+][O-])c4)c(Oc4cnc5[nH]ccc5c4)c3)C=C2)CC1,mutation,9.2664157151837,0.5414823247644763,959.2079999999995,8.16440000000001,0.04999554950455253,5,9,True
CCc1ccccc1[C@@H]1CCCN1C1CC2(CCN(c3ccc(CNS(=O)(=O)c4ccc(NC[C@@H]5COC#CO5)c([N+](=O)[O-])c4)c(Oc4cnc5[nH]ccc5c4)c3)CC2)C1,mutation,9.265393419386726,0.5427584338388584,831.9959999999998,7.636100000000008,0.057268704577500246,5,9,True
CC1CC(CNc2ccc(S(=O)(=O)NC(=O)c3ccc(N4CCC5(CC4)CC(N4CCC[C@H]4c4ccccc4C4CC4)C5)cc3Oc3cnc4[nH]ccc4c3)cc2[N+](=O)[O-])CSO1,mutation,9.255357255158724,0.5554471526806427,892.1170000000001,9.330700000000002,0.05821689246927738,5,10,True
[C-][N+](=O)c1cc(S(=O)(=O)NC(=O)c2ccc(N3CCC4(CC3)CC(N3CCC[C@H]3c3ccccc3C(C)C)C4)cc2Oc2cnc3[nH]ccc3c2)ccc1NC[C@H]1CC[C@](C)(OC)CC1,mutation,9.255198952233318,0.5556496533802727,900.1589999999998,10.146589999999996,0.07264586340552298,5,9,True
CC1CC(CNc2ccc(S(=O)NC(=O)c3ccc(N4CCC5(CC4)CC(N4CCC[C@H]4c4ccccc4C4CC4)C5)cc3Oc3cnc4[nH]ccc4c3)cc2[N+](=O)[O-])CC(C)(C)O1,mutation,9.247746435429574,0.5652669118329317,886.132,10.185099999999997,0.07687301218764742,5,10,True
Nc1ncc(Oc2cc(N3CCC4(CC3)CC(N3CCC[C@H]3c3cccnc3C3CC3)C4)ccc2C(=O)NS(=O)c2ccc(NCC3CCOCC3)c([N+](=O)[O-])c2)cc1Cl,mutation,9.2236149735953,0.5975648265338567,855.4619999999998,8.167300000000008,0.08696923711240785,4,9,True
O=C(NS(=O)c1ccc(NC[C@@H]2COCCO2)c([N+][O-])c1)c1ccc(N2CCC3(CC2)CC(N2CCC[C@H]2c2ccccc2C2CC2)C3)cc1Oc1cnc2[nH]ccc2c1,mutation,9.221976519107567,0.5998235058880869,830.0239999999999,7.832300000000009,0.09995761008580954,5,10,True
CC(C)c1ccccc1[C@H]1CCCN1C1=CC2(CCN(c3ccc(C(=O)NS(=O)(=O)c4ccc(NC[C@H]5CC[C@@](O)(C(F)(F)F)CC5)c([N+](=O)[O-])c4)c(Oc4cc5cc[nH]c5nc4N)c3)CC2)C1,mutation,9.221193369204675,0.6009061250304193,957.0889999999995,9.694500000000003,0.05520421723460086,5,9,True
CN1C[C@H](c2ccccc#2C2CC2)N(C2CC3(CCN(c4ccc(C(=O)NS(=O)(=O)c5ccc(NC[C@H]6CC[C@](C)(O)CC6)c([N+](=O)[O-])c5)c(Oc5cnc6[nH]ccc6c5)c4)CC3)C2)CN1,mutation,9.219242050445677,0.6036121173764036,918.1339999999994,7.702980000000009,0.06389223633380549,5,10,True
CC(C)c1ccccc1[C@@H]1CCON1C1CC2(CCN(c3ccc(C(=O)NS(=O)c4ccc(NC[C@H]5CC[C@@](O)(C(F)(F)F)CC5)c([N+](=O)[O-])c4)c(Oc4cnc5[nH]ccc5c4)c3)CC2)C1,mutation,9.216784624247978,0.6070372974953666,930.0629999999996,9.862499999999999,0.06535250123575523,5,9,True
CN(C)CCOC1CC2c3ccccc3C3(CC3)C1N2C1CC2(CC3C(C2)N3c2ccc(C(=O)NS(=O)(=O)c3ccc(NCC4CCOCC4)c([N+](=O)[O-])c3)c(Oc3cnc4[nH]ccc4c3)c2)C1,mutation,9.213743664869023,0.6113027297651017,943.1399999999996,7.528000000000008,0.05325220000962686,5,12,True
COc1cc(S(=O)(=O)NC(=O)c2ccc(-c3ccc(N4CCC[C@@H]4c4ccccc4C4=CCN(C)CC4)c(C)c3)cc2Oc2cnc3[nH]ccc3c2)cc([N+](=O)[O-])c1NC[C@H]1CC[C@](C)(O)CC1,mutation,9.207854782654563,0.6196482355016352,940.1359999999997,9.77962,0.05980085075833581,6,9,True
CC1(C)CC(CNc2ccc(S(=O)(=O)NC(=O)c3cc(F)c(N4CCC5(CC4)CC(N4CCC[C@H]4c4ccccc4C4CC4)C5)cc3Oc3cnc4[nH]ccc4c3)cc2[N+]([O-])=S)CCO1,mutation,9.205047496493513,0.6236666246280699,922.1619999999999,9.565900000000001,0.07642317694202864,5,10,True
CN1CCN2C3CC4(CCN(CC4)c4ccc5c(Oc6cnc7[nH]ccc7c6)c4-c4cccc(c4[C@@H]2C1)C1CC1C1C[C@@](C)(O)CC[C@@H]1CNc1ccc(cc1[N+](=O)[O-])S(=O)(=O)NC5=O)C3,mutation,9.197651316743261,0.6343788324030958,913.1139999999998,7.796500000000009,0.10188299315720319,5,15,True
CO[C@]1(C)CC[C@@H](CNc2ccc(S(=O)(=O)NCc3ccc(N4CCC5(CC4)CC(N4CCC[C@H]4c4ccccc4C(C)C)C5)cc3Oc3cnc4[nH]ccc4c3)cc2[N+]=O)CC1,mutation,9.194910462059049,0.6383950897274845,874.1650000000001,10.284099999999997,0.09367264050743618,5,9,True
CC1(C)CC(CNc2ccc(S(=O)(=O)NCc3ccc(N4CCC5(CC4)CC(N4CCC[C@H]4c4ccccc4C4CC4)C5)cc3Oc3cnc4[nH]ccc4c3)cc2[N+](=O)[O-])CCO1,mutation,9.192445734072034,0.6420284391803653,874.121,9.8225,0.07256977325716715,5,10,True
O=C(NS(=O)c1ccc(NC[C@@H]2COCCO2)c([N+](=O)[O-])c1)c1ccc(N2CCC3(CC2)CC(N2CCC[C@H]2c2ccccc2C2CC2)C3)cc1Oc1cnc2[nH]ccc2c1,mutation,9.191323351163835,0.6436898319325164,846.0229999999998,8.006800000000009,0.0777220193438865,5,10,True
CC(C)c1ccccc1[C@H]1CCCN1C1CC2(CCN(c3ccc(C(=O)NS(=O)(=O)c4ccc(NC[C@H]5CC[C@@](O)(C(F)(F)F)CC5)c([N+])c4)c(Oc4cnc5[nH]ccc5c4)c3)CC2)C1,mutation,9.183656750145405,0.6551537781423633,912.0919999999995,9.7791,0.0955099604475411,5,9,True
CN1CC=C(c2ccccc2[C@H]2CCCN2c2ccc(-c3ccc(C(=O)NS(=O)(=O)c4ccc(NC5C6C[C@@](C)(O)CC[C@@H]65)c([N+](=O)[O-])c4)c(Oc4cnc5[nH]ccc5c4)c3)cc2O)CC1,mutation,9.18242558642857,0.6570136819088673,910.0659999999997,8.776500000000004,0.057787064780658724,6,10,True
CN(C)CCOC1CC(c2ccccc2C2CC2)N(C2CC3(CCN(c4ccc(C(=O)NS(=O)C5=CC=S(NCC6CCOCC6)C([N+](=O)[O-])=C5)c(Oc5cnc6[nH]ccc6c5)c4)CC3)C2)C1,mutation,9.173260327357648,0.6710265016881116,951.2289999999996,7.786800000000008,0.05352890654612385,4,10,True
CN1CCN(C2CC3(CCN(c4ccc(C(=O)NS(=O)(=O)c5ccc(NC[C@H]6CC[C@](C)CC6)c([N+](=O)[O-])c5)c(Oc5cnc6[nH]ccc6c5)c4)CC3)C2)[C@H](c2ccccc2C2CC2)C1,mutation,9.170804390515599,0.6748319085989544,900.1389999999998,9.193690000000002,0.07620888757443285,5,10,True
CNCCC(=O)N1CCC(c2ccccc2[C@H]2CCCN2c2ccc(-c3ccc(C(=O)NS(=O)(=O)c4ccc(NC[C@H]5CC[C@](C)CC5)c([N+](=O)[O-])c4)c(Oc4cnc5[nH]ccc5c4)c3)cc2)CC1,mutation,9.170629481297585,0.6751037474048893,952.1709999999996,9.902589999999998,0.05333455883407759,6,9,True
CO[C@]1(C)CC[C@@H](CN2c3ccc(cc3[N+]([N-])=O)S(=O)(=O)N2C(=O)c2ccc(N3CCC4(CC3)CC(N3CCC[C@H]3c3ccccc3C(C)C)C4)cc2Oc2cnc3[nH]ccc3c2)CC1,mutation,9.168637483170153,0.6782073886379056,900.1389999999998,10.389499999999998,0.10008386949452013,5,11,True
CN(CC1CCOCC1)C(=O)Nc1ccc(S(=O)NC(=O)c2ccc(N3CCC4(CC3)CC(N3CCC[C@H]3c3ccccc3C3CC3)C4)cc2Oc2cc3cc[nH]c3nc#2)cc1[N+](=O)[O-],mutation,9.158986473873911,0.6934474031386559,900.0949999999999,8.407580000000008,0.08148037741226165,5,10,True
O=[N+]c1cc2ccc1NC[C@H]1OCCOC1c1cccc(c1C1CC1)[C@@H]1CCCN1C1CC3(CCN(CC3)c3ccc(c(Oc4cnc5[nH]ccc5c4)c3)C(=O)NS2(=O)=O)C1,mutation,9.156064886556782,0.6981280911879089,844.0070000000002,7.553100000000008,0.1633606914986358,5,17,True
[C-][N+]c1cc(S(=O)(=O)NC(=O)c2ccc(N3CCC4(CC3)CC(N3CCC[C@H]3c3ccccc3C3CC3)C4)cc2Oc2cnc3[nH]ccc3c2)ccc1NCC1CCC(O)(C(F)(F)F)CC1,mutation,9.147027751679985,0.7128074798422359,922.087,9.614389999999998,0.08461090239783274,5,10,True
CN1C=CN(C2CC3(CCN(c4ccc(C(=O)NS(=O)(=O)c5ccc(NC[C@H]6CC[C@](C)(F)CC6)c([N+](=O)[O-])c5)c(Oc5cnc6[nH]ccc6c5)c4)CC3)C2)[C@H](c2ccccc2C2CC2)C1,mutation,9.144212733695756,0.7174427748556794,917.1209999999998,9.798699999999998,0.07604517906569828,5,10,True
O=C(NS(=O)(=O)c1ccc(NCC2CCC(C(F)F)CC2)c([N+](=O)[O-])c1)c1ccc(N2CCC3(CC2)CC(N2CCC[C@H]2c2ccccc2C2CC2)C3)cc1Oc1cnc2[nH]ccc2c1,mutation,9.139923500944056,0.7245635775108792,908.0849999999996,10.328999999999995,0.07220436371109869,5,10,True
CO[C@]1CC[C@@H](CNc2ccc(S(=O)(=O)NCc3ccc(N4CCC5(CC4)CC(N4CCC[C@H]4c4ccccc4C(C)C)C5)cc3Oc3cnc4[nH]ccc4c3)cc2[N+](=O)[O-])CC1,mutation,9.124315972554111,0.7510762468876832,875.129,10.231889999999996,0.06838199068698213,5,9,True
Nc1ncc(Oc2cc(N3CCC4(CC3)CC(N3CCC[C@H]3c3cccc5c3C3CC53)C4)ccc2C(O)NS(=O)(=O)c2ccc(NCC3CCOCC3)c([N+](=O)[O-])c2)cc1Cl,mutation,9.123989938891118,0.7516403067362702,870.4729999999997,7.996200000000011,0.057767631222654076,4,10,True
O=C(NS(=O)(=O)c1ccc(NC[C@@H]2CSCSO2)c([N+](=O)[O-])c1)c1ccc(N2CCC3(CC2)CC(N2CCC[C@H]2c2ccccc2C2CC2)C3)cc1Oc1cnc2[nH]ccc2c1,mutation,9.122132964667541,0.7548610821562913,896.1299999999998,8.995200000000004,0.058161449992906906,5,10,True
CN(C)CCOC1CC(c2ccccc2C2CC2)N(C2CC3(CCN(c4ccc(CNS(=O)(=O)C5=CC=S(NCC6CCOCC6)C([N+](=O)[O-])=C5)c(Oc5cnc6[nH]ccc6c5)c4)CC3)C2)C1,mutation,9.116137604045964,0.7653540698605794,953.2449999999995,7.812700000000008,0.05038829889009055,4,10,True
CN1CCN(C2CC3(CCN(c4ccc(C(=O)NS(=O)c5ccc(NC[C@H]6CC[C@](C)CC6)c([N+](=O)[O-])c5)c(Oc5cnc6[nH]ccc6c5)c4)CC3)C2)[C@@H](c2ccccc2C2CC2)C1,mutation,9.105316692615173,0.784663240325841,884.1399999999998,9.52759,0.07714378881532902,5,10,True
CCc1ccncc1[C@@H]1CCCN1C1CC2(CCN(c3ccc(C(=O)NS(=O)(=O)c4ccc(NCC5CCOCC5)c([N+](=O)[O-])c4)c(Oc4cnc5[nH]ccc5c4)c3)CC2)C1,mutation,9.089849137730605,0.8131129207588582,849.0269999999995,7.764100000000009,0.07740441199600637,5,9,True
CC(C)c1ccccc1[C@@H]1CN(C)CCN1C1CC2(CCN(c3ccc(C(=O)NS(=O)(=O)c4ccc(NCC5CC[C]CC5)c([N+](=O)[O-])c4)c(Oc4cnc5[nH]ccc5c4)c3)CC2)C1,mutation,9.086921198848929,0.818613309061804,887.1199999999994,8.926590000000004,0.07635804275538037,5,9,True
CN(C)CCOC1CC(c2ccccc2C2CC2)N(C2CC3(CCN(c4ccc(C(=O)NS(=O)c5ccc(NCC6CCOCC6)c([N+](=O)[O-])c5)c(Oc5cnc6[nH]ccc6c5)c4)CC3)C2)C1,mutation,9.074320699043746,0.8427122381868083,931.1729999999995,8.574700000000005,0.06015313667855305,5,10,True
CN(CC1C#COCC1)C(=O)Nc1ccc(S(=O)(=O)NC(=O)c2ccc(N3CCC4(CC3)CC(N3CCC[C@H]3c3cc(Cl)ccc3C3CC3)C4)cc2Oc2cnc3[nH]ccc3c2)cc1[N+](=O)[O-],mutation,9.069369167481963,0.8523752533122034,947.5149999999999,8.960100000000004,0.05799165882110993,5,10,True
CO[C@]1CC[C@@H](CNc2ccc(S(=O)NC(=O)c3ccc(N4CCC5(CC4)CC(N4CCC[C@H]4c4ccccc4C(C)C)C5)cc3Oc3cnc4[nH]ccc4c3)cc2[N+](=O)[O-])CC1,mutation,9.065232024337332,0.8605338841501645,873.113,10.205989999999996,0.07254263013064992,5,9,True
CCc1ccccc1[C@@H]1CCCN1C1CC2(CCN(c3ccc(CNS(=O)(=O)c4ccc(NCC5CCOCC5)c([N+](=O)[O-])c4)c(Oc4cnc5[nH]ccc5c4)c3)CC2)C1,mutation,9.058941066539017,0.8730898380372931,834.0559999999996,8.728900000000005,0.07311145701652678,5,9,True
[C-][N+](=O)c1cc(S(=O)NC(=O)c2ccc(N3CCC4(CC3)CC(N3CC(OCCN(C)C)CC3c3ccccc3C3CC3)C4)cc2Oc2cnc3[nH]ccc3c2)ccc1NCC1CCOCC1,mutation,9.041664836186596,0.9085214049124528,927.1849999999998,8.622490000000006,0.060938727751746684,5,10,True
CCC1COCCC1CNc1ccc(S(=O)NC(=O)c2ccc(N3CCC4(CC3)CC(N3CCC[C@H]3c3ccccc3C3CC3)C4)cc2Oc2cnc(N)c(Cl)c2)cc1[N+](=O)[O-],mutation,9.03050653397547,0.932166445759756,882.528,9.408400000000004,0.08163533806141551,4,9,True
CCc1ccccc1[C@@H]1CCCN1C1CC2(CCN(c3ccc(C(=O)NS(=O)(=O)C4=CC=S(NCC5CCOCC5)C([N+]=O)=C4)c(Oc4cnc5[nH]ccc5c4)c3)CC2)C1,mutation,9.023120817317137,0.9481546574223165,852.0959999999994,7.406700000000008,0.11572789767671679,4,9,True
CN(CNc1ccc(S(=O)NC(=O)c2ccc(N3CCC4(CC3)CC(N3CCC[C@H]3c3ccccc3C3CC3)C4)cc2Oc2cnc3[nH]ccc3c2)cc1[N+](=O)[O-])CC1CCOCC1,mutation,9.019452309625372,0.9561976904187743,887.1199999999998,8.907300000000003,0.05239456605024105,5,10,True
Cc1ccccc1[C@@H]1CCCN1C1CC2(CCN(c3ccc(C(=O)NS(=O)c4ccc(NCC5CCOCC5)c([N+](=O)[O-])c4)c(Oc4cnc5[nH]ccc5c4)c3)CC2)C1,mutation,9.018403161744374,0.9585104195266227,818.0129999999997,8.449020000000006,0.08255224340994412,5,9,True
CC1(C)CC(CNc2ccc(S(=O)NC(=O)c3ccc(N4CCC5(CC4)CC(N4CCC[C@H]4c4ccccc4C4CC4)C5)cc3Oc3cnc4[nH]ccc4c3)cc2[N+](=O)[O-])C#CO1,mutation,9.015739952217778,0.9644063200560434,868.073,9.367400000000002,0.05925569523068712,5,10,True
O=C(NS(=O)c1ccc(NCC2CCC(C(F)(F)F)CC2)c([N+](=O)[O-])c1)c1ccc(N2CCC3(CC2)CC(N2CCC[C@H]2c2ccccc2C2CC2)C3)cc1Oc1cnc2[nH]ccc2c1,mutation,9.009260937488067,0.9789016544477078,910.0759999999996,10.96009999999999,0.07761060618325712,5,10,True
O=C(NS(=O)(=O)c1ccc(NCC2CCOCC2)c([N+](=O)[O-])c1)c1ccc(N2CCC3(CC2)CC(N2CCC[C@H]2c2ccccc2C2CS2)C3)cc1Oc1cncc(Cl)c1,mutation,8.987506794309578,1.029184426017479,873.4979999999999,8.766700000000004,0.07495250731457323,4,9,True
CC1(C)CC(CNc2ccc(S(=O)(=S)NC(=O)c3ccc(N4CCC5(CC4)CC(N4CCC[C@H]4c4ccccc4C4CC4)C5)cc3Oc3cnc4[nH]ccc4c3)cc2[N+](=O)[O-])CCO1,mutation,8.968465677337655,1.0753115798235706,904.172,9.7942,0.07642594568986852,5,10,True
Nc1ncc(Oc2cc(N3CCC4(CC3)CC(N3CCC[C@H]3c3c#cccc3C3CC3)C4)ccc2C(=O)NS(=O)(=O)c2ccc(NCC3CCOCS3)c([N+](=O)[O-])c2)cc1Cl,mutation,8.96465141776335,1.0847972666465437,886.497,8.091780000000009,0.08663978468034589,4,9,True
O=C(NS(=O)(=O)c1ccc(NCC2CCOCC2)c([N+][O-])c1)c1ccc(N2CCC3(CC2)CC(N2CCC[C@H]2c2ccccc2C2CC2)C3)cc1Oc1cncc(Cl)c1,mutation,8.956430663347763,1.1055269565882813,839.459,8.681700000000005,0.12529177298294147,4,9,True
CC(C)c1ccccc1[C@@H]1CCCN1C1CC2(CCN(c3c#cc(C(=O)NS(=O)(=O)c4ccc(NC[C@H]5CC[C@@](C(F)(F)F)CC5)c([N+](=O)[O-])c4)c(Oc4cnc5[nH]ccc5c4)c3)CC2)C1,mutation,8.950330497720051,1.1211649240508137,925.0669999999996,10.430869999999993,0.07651987205790475,5,9,True
Nc1ncc(Oc2cc([SH]3CCC4(CC3)CC(N3CCC[C@H]3c3ccccc3C3CC3)C4)ccc2C(=O)NS(=O)(=O)c2ccc(NCC3CCOCC3)c([N+][O-])c2)cc1Cl,mutation,8.947992568477636,1.1272167446194685,873.5419999999998,8.817600000000004,0.07514114777511664,4,9,True
O=[N+]([O-])c1cc(S(=O)(=O)NCc2ccc(N3CCC45CC3C3CC[C@@H](c6ccccc6C6CC6)N3C(C4)C5)cc2Oc2cnc3[nH]ccc3c2)ccc1NCC1CCC(O)(C(F)(F)F)CC1,mutation,8.944566176910868,1.1361451609850246,926.0749999999998,9.851699999999997,0.06598447964893993,5,12,True
CN(CC1CCOCC1)C(=O)Nc1c2cc(cc1[N+](=O)[O-])S(=O)(=O)NCc1cc-2c(N2CCC3(CC2)CC(N2CCC[C@H]2c2ccccc2C2CC2)C3)cc1Oc1cnc2[nH]ccc2c1,mutation,8.943081967757244,1.1400345997055348,901.1029999999996,9.076100000000004,0.0906058536429239,5,11,True
C[C]1CC[C@@H]2CNc3ccc(cc3[N+](=O)[O-])S(=O)(=O)NC(=O)c3ccc(-c4ccc(N5CCC[C@@H]5c5ccccc5C5CCN(C(=O)CCN(C)C)CC5)cc4)cc3Oc3cnc4[nH]ccc4c3C2C1,mutation,8.914940736868692,1.2163519707691708,964.1819999999996,9.951889999999999,0.09750626189032306,6,11,True
CCc1cc(-c2ccc(C(=O)NS(=O)c3ccc(NC[C@H]4CC[C@](C)(O)CC4)c([N+](=O)[O-])c3)c(Oc3cnc4[nH]ccc4c3)c2)ccc1N1CCC[C@@H]1c1ccccc1C1CCN(C(=O)CN(C)C)CC1,mutation,8.910348551334772,1.2292817912155392,981.2329999999995,9.9076,0.05343485409272355,6,9,True
Cc1ccccc1[S@@H]1CCCN1C1CC2(CCN(c3ccc(C(=O)NS(=O)(=O)c4ccc(NC[C@@H]5COCCO5)c([N+](=O)[O-])c4)c(Oc4cnc5[nH]ccc5c4)c3)CC2)C1,mutation,8.909839049698082,1.2307247950878692,856.0399999999996,6.947820000000006,0.05773324061163339,5,9,True
CCc1ccccc1[C@@H]1CCCN1C1CC2(CCN(c3ccc(C(=O)NS(=O)(=O)c4ccc(NCC5CCOCC5)c([N+][O-])c4Cl)c(Oc4cnc5[nH]ccc5c4)c3)CC2)C1,mutation,8.852191300094908,1.4054283180276579,866.4849999999994,8.848000000000004,0.09739825382423022,5,9,True
CCc1ccccc1[C@@H]1CCCN1C1CC2(CCN(c3ccc(C(=O)NS(=O)c4ccc(N(CC5CCOCC5)OC)c([N+](=O)[O-])c4)c(Oc4cnc5[nH]ccc5c4)c3)CC2)C1,mutation,8.846825746097796,1.4228995889188303,862.0659999999996,8.658900000000004,0.08143026647021252,5,9,True
C[C@]1CC[C@@H](CNc2ccc(S(=O)(=O)NC(=O)c3ccc(-c4ccc(N5CCC[C@@H]5c5ccccc5C5=CCNCC5)cc4)cc3Oc3cnc4[nH]ccc4c3)cc2[N+](=O)[O-])CC1,mutation,8.84300292259741,1.4354797732180593,865.0489999999999,9.963789999999998,0.0647021891259289,6,9,True
CC(C)c1cccc2c1[C@@H]1CN(C)CCN1C1CC3(CCN(CC3)c3ccc(C(=O)NS(=O)c4ccc(NC[C@H]5CC[C@](C)(O)CC5)c([N+](=O)[O-])c4)c(c3)Oc3cnc4[nH]c-2cc4c3)C1,mutation,8.835299404966147,1.4611694889914284,901.1469999999996,8.910600000000008,0.08670052121462005,5,12,True
[C-][N+](=O)c1cc(S(=O)NC(=O)c2ccc(N3CCC4(CC3)CC(N3CCC[C@H]3c3ccccc3C3CC3)C4)cc2Oc2cnc(N)c(Cl)c2)ccc1NCC1CCOCC1,mutation,8.808997522505829,1.5523958657941552,850.4859999999998,8.820090000000004,0.08829829274861262,4,9,True
CCc1ccccc1[C@@H]1CCCN1C1CC2(CCN(c3ccc(C(=O)NS(=O)c4ccc(NCC5CCOCC5)c([N+](=O)[O-])c4)c(Oc4cnc5[nH]ccc5c4)c3)C(CC)C2)C1,mutation,8.79909594341382,1.5881958489880685,860.0939999999996,9.481599999999998,0.07267461965424225,5,9,True
CN1C(=O)Nc2ccc(S(=O)(=O)NC(=O)c3ccc(N4CCC5(CC4)CC(N4CCC[C@H]4c4cc6cc-6c4C4CC4)C5)cc3Oc3cnc4[nH]ccc4c3)c(c2[N+](=O)[O-])C1C1CCOCC1,mutation,8.796790120217558,1.59665056784754,913.0699999999997,8.771000000000004,0.08315382868528212,4,12,True
CN(CC1CCOCC1)C(=O)Nc1ccc(S(=O)(=O)NCc2ccc3cc2Oc2cc4cc[nH]c4nc2-c2cccc(c2C2CC2)[C@@H]2CCCN2C2CC4(CCN3CC4)C2)cc1[N+](=O)[O-],mutation,8.777793635712065,1.6680396288835524,901.1029999999993,9.076100000000004,0.0956281732042625,5,13,True
CN1CC=C(c2ccccc2[C@H]2CCCN2c2ccc(-c3ccc(C(=O)NS(=O)c4cc([N+](=O)[O-])c5cc4C4C[C@](C)(O)CC[C@H]4CN5)c(Oc4cnc5[nH]ccc5c4)c3)cc2)CC1,mutation,8.776175131255421,1.674267583743227,878.0679999999996,9.503600000000002,0.07694243691427786,6,10,True
CN(C)C1=CC=CC=S1[C@@H]1CCCN1C1CC2(CCN(c3ccc(C(=O)NS(=O)(=O)c4ccc(NC[C@H]5CC[C@@](O)(C(F)(F)F)CC5)c([N+](=O)[O-])c4)c(Oc4cnc5[nH]ccc5c4)c3)CC2)C1,mutation,8.772300096011211,1.6892732461836217,965.1339999999997,8.492400000000005,0.056993075085238515,4,9,True
CCc1cccc(C2CCN(C)CC2)c1[C@H]1CCCN1c1ccc(-c2ccc(C(=O)NS(=O)(=O)c3ccc(NCC4(F)CCN(C5COC5)CC4)c([N+](=O)[O-])c3)c(Oc3cnc4[nH]ccc4c3)c2)cc1,mutation,8.76645865658231,1.712148159863538,971.1689999999995,9.377000000000002,0.06580965276200809,6,10,True
COC1CN(C2CC3(CCN(c4ccc(C(=O)NS(=O)(=O)c5ccc(NC[C@H]6CC[C@](C)(O)CC6)c([N+](=O)[O-])c5)c(Oc5cnc6[nH]ccc6c5)c4)CC3OC)C2)[C@H](c2ccccc2C(C)C)CN1C,mutation,8.76515227769009,1.7173061385113688,979.2139999999998,8.193700000000007,0.057712344571377514,5,9,True
CCc1ccccc1[C@@H]1C(CC)CCN1C1CC2(CCN(c3ccc(C(=O)NS(=O)c4ccc(NCC5CCOCC5)c([N+](=O)[O-])c4)c(Oc4cnc5[nH]ccc5c4)c3)CC2)C1,mutation,8.741939724065382,1.811591506806244,860.0939999999996,9.339100000000002,0.07270633879441366,5,9,True
O=C(NS(=O)(=O)c1ccc(NCC2CCOCC2)c([N+](=O)[O-])c1)c1ccc(N2CCC3(CC2)CC(N2CCC[C@H]2c2cccc4c2C42CC2)C3)cc1Oc1cnc(F)c(Cl)c1,mutation,8.73286223378066,1.8498553341435418,871.4319999999998,8.511200000000006,0.07997428839366778,4,10,True
CCc1ccccc1[C@@H]1CCCN1C1CC2(CCN(c3ccc(C(=O)NS(=O)(=O)c4ccc(NCC5CCOCC5)c([N+]=O)c4)c(Oc4cnc5[nH]ccc5c4)c3C)CC2)C1,mutation,8.732788041624488,1.8501713788672278,846.0669999999994,8.503020000000005,0.10489785621537719,5,9,True
CN1CC=C(c2ccccc2[C@H]2CCCN2c2ccc(-c3ccc(CNS(=O)(=O)c4ccc(NCC5(F)CCN(C6COC6)CC5)c([N+]=O)c4)c(Oc4cnc5[nH]ccc5c4)c3)cc2)CC1,mutation,8.714262170548338,1.9308023976605713,911.1169999999995,8.909600000000003,0.09135228906443607,6,10,True
CN1CCN(C2=CC3(CCN(c4ccc(C(=O)NS(=O)(=O)c5ccc(NC[C@H]6CC[C@](C)(O)CC6)c([N+](=O)[O-])c5)c(Oc5cc6cc7[nH]c6nc57)c4)CC3)C2)[C@@H](c2ccccc2C2CC2)C1,mutation,8.706566198000338,1.9653223904783241,913.1139999999997,8.504300000000006,0.06406365951076959,7,12,True
CO[C@]1(C)CC[C@@H](CNc2ccc(S(=O)NC(=O)c3c(Oc4cnc5[nH]ccc5c4)cc4cc3-c3cccc(C(C)C)c3[C@@H]3CCCN3C3CC5(CCN4CC5)C3)cc2[N+](=O)[O-])CC1,mutation,8.695331959210232,2.0168241858983116,886.1319999999993,10.413099999999995,0.08622496772510044,5,12,True
COC1CCN(c2ccc(-c3ccc(CNS(=O)(=O)c4ccc(NC[C@H]5CC[C@](C)(O)CC5)c([N+](=O)[O-])c4)c(Oc4cnc5[nH]ccc5c4)c3)cc2)[C@H]1c1ccccc1C1=CCN(C)CC1,mutation,8.69402748825009,2.022891137683955,912.126,9.447300000000002,0.05707043441896571,6,9,True
CN1CCN(C2CC3(CCN(c4ccc(C(=O)NS(=O)(=O)c5ccc(NC[C@H]6CC[C@](C)(O)CC6)c([N+][O-])c5)c(Oc5cnc6[nH]ccc6c5)c4)CN3)C2)[C@@H](c2ccccc2C2CC2)C1,mutation,8.691998826261523,2.0323625036582005,902.1349999999998,7.0852000000000075,0.07558435198816141,5,10,True
CN1CCN(C2CC3(CC4C3CN4c3ccc(C(=O)NS(=O)(=O)c4c#c([N+](=O)[O-])c(NC[C@H]5CC[C@](C)(O)CC5)cc4)c(Oc4cnc5[nH]ccc5c4)c3)C2)[C@H](c2ccccc2C2CC2)C1,mutation,8.6871846672572,2.055016592312365,914.1219999999998,7.3781800000000075,0.07204456814927289,5,11,True
NCN1CC=C(c2ccccc2[C@H]2CCCN2c2ccc(-c3cc4c(c(Oc5cnc6[nH]ccc6c5)c3)C(=O)NS(=O)(=O)c3ccc(c([N+](=O)[O-])c3)NC[C@H]3CC[C@](O)(CC3)C4)cc2)CC1,mutation,8.628489600537794,2.352395822353673,909.0819999999997,8.285200000000007,0.07221168274412289,6,13,True
CNCCC(=O)N1CCC(c2ccccc2[C@H]2CC3CN2c2ccc(cc2)-c2ccc(c(Oc4cnc5[nH]ccc5c4)c2)C(=O)NS(=O)(=O)c2cc([N+](=O)[O-])c(NC[C@H]4CC[C@](C)(O)CC4)cc23)CC1,mutation,8.587550715873574,2.584932959631535,967.1619999999997,8.766300000000005,0.060934943538690195,6,12,True
CO[C@]1(C)CC[C@@H](CNc2ccc(S(=O)(=O)NC(=O)c3ccc(N4CCC5(CC(N6CCC[C@H]6c6ccccc6C(C)C)C5)SC4)cc3Oc3cnc4[nH]ccc4c3)cc2[N+](=O)[O-])CC1,mutation,8.574064146868684,2.666464788922258,922.1869999999999,10.151799999999998,0.07122052613414451,5,9,True
CC(C)c1ccccc1[C@@H]1C(Cl)CCN1C1CC2(CC3C2CN3c2ccc(C(=O)NS(=O)(=O)c3ccc(NC[C@H]4CC[C@@](O)(C(F)(F)F)CC4)c([N+](=O)[O-])c3)c(Oc3cnc4[nH]ccc4c3)c2)C1,mutation,8.555911243665223,2.7802814130709317,976.5189999999998,9.812699999999998,0.05006804836581646,5,10,True
CN(C)CC(=O)N1CCC(c2ccccc2[C@H]2CCC[SH]2c2ccc(-c3ccc(C(=O)NS(=O)(=O)c4ccc(NC[C@H]5CC[C@](C)(O)CC5)c([N+][O-])c4)c(Oc4cnc5[nH]ccc5c4)c3)cc2)CC1,mutation,8.516549852380958,3.044038546762885,972.2469999999995,9.390500000000003,0.048902260988277255,6,9,True
CNCC(=O)N1CCC(c2cccc(F)c2[C@H]2CCCN2c2ccc(-c3ccc(C(=O)NS(=O)(=O)c4ccc(NC[C@H]5CC[C@](O)CC5)c([N+](=O)[O-])c4)c(Oc4cnc5[nH]ccc5c4)c3)cc2)CC1,mutation,8.499448075966814,3.166299001943511,958.1059999999997,8.961690000000003,0.04822935254276331,6,9,True
C[C@]1(O)CC[C@H](CNc2cc3c(cc2[N+](=O)[O-])S(=O)NC(=O)c2ccc(cc2Oc2cnc4[nH]ccc4c2)-c2ccc(cc2)N2CCC[C@@H]2c2ccccc2C2=CCN(CC2)C3)CC1,mutation,8.497556438152964,3.1801203932239424,878.0679999999994,9.680299999999997,0.09351348424764348,6,14,True
COC1C(N2CCC[C@@H]2c2ccccc2C(C)C)CC12CCN(c1ccc(C(=O)NS(=O)(=O)c3ccc(NC[C@H]4CC[C@@](O)(C(F)(F)F)CC4)c([N+][O-])c3)c(Oc3cnc4[nH]ccc4c3)c1)CC2,mutation,8.485175212633477,3.2720865853118135,958.1169999999997,9.437500000000004,0.07773548589278886,5,9,True
CN1CC=C(c2ccccc2[C@H]2CCCN2c2ccc(-c3ccc(C(=O)NS(=O)c4ccc(NC[C@H]5CC[C@](C)(O)CC5)c([N+](=O)[O-])c4)c(Oc4cnc5[nH]cc(F)c5c4)c3)cc2)CC1,mutation,8.484990070591634,3.273481790554197,898.0739999999997,9.935599999999999,0.06476529206467212,6,9,True
CN1CCN(C2CC3(CCN(c4ccc(C(=O)NS(=O)c5ccc(NC[C@H]6CC[C@](C)(O)CC6)c([N+](=O)[O-])c5)c(Oc5cnc6[nH]ccc6c5)c4)CS3)C2)[C@@H](c2ccccc2C2CC2)C1,mutation,8.454942075625484,3.507986588847273,919.1869999999999,8.737200000000005,0.0655876450247826,5,10,True
CN(C)CCOC1CC(c2ccccc2C2CC2)N(C2(N)CC3(CCN(c4ccc(C(=O)NS(=O)(=O)c5ccc(NCC6CCOCC6)c([N+](=O)[O-])c5)c(Oc5cnc6[nH]ccc6c5)c4)CC3)C2)C1,mutation,8.452704974183604,3.5261032566806003,962.1869999999994,7.527200000000007,0.05248009563269067,5,10,True
CN1CC=C(c2ccccc2[C@H]2CCCN2c2ccc(-c3ccc(C(=O)NS(=O)(=O)c4ccc(NC[C@H]5CC[C@](C)CC5)c([N+](=O)[O-])c4)c(Oc4cnc5[nH]ccc5c4)c3)cc2)CC1,mutation,8.442256796305916,3.6119622583730644,879.0759999999996,10.305989999999996,0.07517333195235047,6,9,True
CCc1ccccc1[C@@H]1CCCN1C1CC2(CCN(c3ccc(C(=O)NS(=O)(=O)c4ccc(NC[C@@H]5COCCO5)c([N+](=O)[O-])c4)c(Oc4cnc5[nH]ccc5c4)c3)CC2)C1CC,mutation,8.425682904272952,3.7524688496783702,878.0649999999996,7.994000000000009,0.07238890634278711,5,9,True
CNCC(=O)N1CCC(c2ccccc2[C@H]2CCCN2S2=CC=C(c3ccc(C(=O)NS(=O)c4ccc(NC[C@H]5CC[C@](C)(O)CC5)c([N+](=O)[O-])c4)c(Oc4cnc5[nH]ccc5c4)c3)C=C2)CC1,mutation,8.399502999640367,3.985630194581369,959.2079999999995,8.728400000000006,0.03826579209291724,5,9,True
CN1CC=C(c2ccccc2[C@H]2CCCN2c2ccc(-c3ccc(C(=O)NS(=O)(=O)c4ccc(NCC5CC[C]CC5)c([N+](=O)[O-])c4)c(Oc4cnc5[nH]ccc5c4)c3)cc2)CC1,mutation,8.385765548520926,4.113717379341093,864.0409999999996,9.79289,0.0752701853583591,6,9,True
CN1CC=C(c2ccccc2[C@H]2CCCN2c2ccc(-c3ccc(C(=O)NS(=O)(=O)c4ccc(NC[C@H]5CC[C@](C)CC5)c([N+]=O)c4)c(Oc4cnc5[nH]ccc5c4)c3)cc2)CC1,mutation,8.381942529761899,4.150089571832838,863.0769999999995,10.131489999999998,0.10308460012527093,6,9,True
CCc1ccccc1[C@@H]1CCCN1C1CC2(C=CN(c3ccc(C(=O)NS(=O)(=O)c4ccc(NC[C@H]5CC[C@@](O)(C(F)(F)F)CC5)c([N+](=O)[O-])c4)c(Oc4cnc5[nH]ccc5c4)c3)CC2)C1,mutation,8.374982387092354,4.217136057692498,928.0469999999997,9.549700000000001,0.06518202100859007,5,9,True
CN(C)CC(=O)N1CCC(c2ccccc2[C@H]2C3CCN2c2ccc(cc2)-c2ccc(c(Oc4cnc5[nH]ccc5c4)c2)C(=O)NS(=O)c2ccc(c([N+](=O)[O-])c2)NC[C@H]2CC[C@](C)(O)C3C2)CC1,mutation,8.366886905781442,4.2964829650808625,951.1629999999998,8.811000000000003,0.08854198450554203,6,14,True
CO[C@]1(C)CC[C@@H](ONc2ccc(S(=O)(=O)NC(=O)c3ccc(N4CCC5(CC4)CC4C5C5CC[C@@H](c6ccccc6C(C)C)N54)cc3Oc3cnc4[nH]ccc4c3)cc2[N+](=O)[O-])CC1,mutation,8.338312779825728,4.588674164966581,904.103,9.391100000000003,0.07536225084762244,5,10,True
CC(C)c1ccccc1[C@H]1CCCN1C12CC3(CCN(c4ccc(C(=O)NS(=O)(=O)c5ccc(NC[C@H]6CC[C@@](O)(C(F)(F)F)CC6)c([N+](=O)[O-])c5)c(Oc5cnc6[nH]ccc6c5)c4)CC31)C2,mutation,8.297159321298702,5.044761960932648,942.0739999999997,9.597000000000001,0.06515747449141666,5,11,True
CC(C)c1ccccc1[C@@H]1CN(C)CCN1C12CC34CCN(CC3)c3ccc(c(Oc5cnc6[nH]ccc6c5)c3)C(=O)NS(=O)(=O)c3ccc(c([N+](=O)[O-])c3)N(C[C@@H]3CC[C@@](C)(O)CC31)C42,mutation,8.286406760185935,5.1712226837905915,915.1299999999999,7.592800000000009,0.11255656898099833,5,15,True
CCc1ccccc1[C@@H]1CCCN1C1CC23CCN(c4ccc(C(=O)NS(=O)(=O)c5ccc(NCC6CCOCC6N)c([N+](=O)[O-])c5)c(Oc5cnc6[nH]ccc6c5)c4)C(C2)C13,mutation,8.285430777084024,5.182856958383939,861.0379999999997,6.914600000000006,0.0705985118578376,5,10,True
CO[C@]12CC[C@H](CC1)CNc1cc(c(S(=O)(=O)NC(=O)c3ccc(N4CCC56CC(C5)N5CCC[C@H]5c5c(C(C)C)cccc5C6C4)cc3Oc3cnc4[nH]ccc4c3)cc1[N+](=O)[O-])C2,mutation,8.268000598600294,5.39509878892982,900.115,9.342100000000002,0.09511125017195159,5,13,True
CN1CCN(C2CC34C=CN(CC3)c3ccc(c(Oc5cnc6[nH]ccc6c5)c3)C(=O)NS(=O)(=O)c3ccc(c([N+](=O)[O-])c3)NC[C@H]3CC[C@](O)(CC3)CC24)[C@@H](c2ccccc2C2CC2)C1,mutation,8.254615396383619,5.563967744323353,913.1139999999995,8.083800000000009,0.0949752201325656,5,16,True
COC1CN(c2ccc(C(=O)NS(=O)(=O)c3ccc(NCC4CCOCC4)c([N+](=O)[O-])c3)c(Oc3cnc(N)c(Cl)c3)c2)CCC12CC(N1CCC[C@H]1c1ccccc1C1CC1)O2,mutation,8.207204798124101,6.20576323078721,902.4709999999995,7.399700000000007,0.08350237598200354,4,9,True
CCc1ccccc1[C@@H]1CCCN1C1=CC2(CCN(c3ccc(C(=O)NS(=O)(=O)c4ccc(NCC5CCOCC5)c([N+](=O)[O-])c4)c(OC4=CN=C5NC=CS5=C4)c3)CC2)C1,mutation,8.177939404148628,6.6383568701148,866.0789999999996,7.561000000000008,0.08815589079544758,3,9,True
O=C(NS(=O)(=O)c1ccc(NCC2CCC(O)(C(F)(F)F)CC2)c([N+](=O)[O-])c1)c1ccc(N2CCC34CC(C3)N3CCC[C@H]3c3c(C5CC5)cccc3C2C4F)cc1Oc1cnc2[nH]ccc2c1,mutation,8.161663729011549,6.891857211841466,958.0479999999994,9.743799999999998,0.05618600985018328,5,12,True
O=C(NS(=O)c1ccc(NC[C@@H]2COCCO2)c([N+](=O)[O-])c1)c1ccc(N2C=CC3(CC2)CC(N2CCC[C@H]2c2ccccc2C2CC2)C3)cc1Oc1cnc2[nH]ccc2c1,mutation,8.133572873068049,7.352366150376045,844.0069999999997,8.130400000000007,0.07747095272923014,5,10,True
CCC1C(N2CCC[C@H]2c2ccccc2C2CC2)CC12CCN(c1ccc(CNS(=O)(=O)c3ccc(NCC4CCOC(C)(C)C4)c([N+](=O)[O-])c3)c(Oc3cnc4[nH]ccc4c3)c1)CC2,mutation,8.114379905814184,7.6845792572890455,902.1749999999996,10.458599999999995,0.06830102553137704,5,10,True
COC1C(N2CCC[C@H]2c2ccccc2C2CC2)CC12CCN(c1ccc(CNS(=O)(=O)c3ccc(NCC4CCOCC4)c([N+](=O)[O-])c3)c(Oc3cnc(N)c(Cl)c3)c1)CC2,mutation,8.110166180997338,7.759501456830354,886.5159999999996,8.423100000000007,0.07694142630662705,4,9,True
CCc1ccccc1[C@@H]1CCCN1C1CC2(CCN(c3ccc(C(=O)NS(=O)c4ccc(NCC5CCOCC5)c([N+](=O)[O-])c4)c(Oc4cnc5[nH]ccc5c4)c3)CC2)C1OC,mutation,7.905831313606393,12.421346773681869,862.0659999999997,8.327900000000007,0.07267023211754624,5,9,True
O=C(NS(=O)(=O)c1ccc(NCC2CCC(O)(C(F)(F)F)CC2)c([N+](=O)[O-])c1)c1ccc(N2CCC34CC(C3)N3C=CC[C@H]3c3ccc(cc3C3CC3)C4C2)cc1Oc1cnc2[nH]ccc2c1,mutation,7.825279176344766,14.952741440589586,938.0419999999995,9.5718,0.0731046530964555,5,14,True
CN1CC=C(c2ccccc2C2CC3(CCN(C(=O)C4CC5(CCN(c6ccccc6C6=CCN(C)CC6)CC5)C4)CC3)C2)CC1,brics,7.454286887588525,35.132828233636396,618.9099999999999,7.307400000000009,0.35173906283215817,2,8,True
CN1CC=C(c2ccccc2C2CC3(CCN(C(=O)C4CC5(CCN(c6cnc7[nH]ccc7c6)CC5)C4)CC3)C2)CC1,brics,7.434959560194811,36.731650198311506,563.7900000000001,6.464800000000007,0.3956662294117021,3,8,True
CN1CC=C(c2ccccc2N2CCC3(CC2)CC(C(=O)N2CCC4(CC2)CC(c2cnc5[nH]ccc5c2)C4)C3)CC1,brics,7.419490038746809,38.06360880113795,563.7900000000001,6.464800000000007,0.3956662294117021,3,8,True
CN1CC=C(c2ccccc2C2CCN(C(=O)C3CC4(CCN(c5ccccc5C5=CCN(C)CC5)CC4)C3)CC2)CC1,brics,7.4140576565634415,38.54271852860486,578.845,6.527200000000008,0.4038278929742894,2,7,True
CN1CC=C(c2ccccc2C2CC3(CCN(C(=O)C4CC5(CCN([C@H]6CC[C@](C)(O)CC6)CC5)C4)CC3)C2)CC1,brics,7.397493922661789,40.04110714790555,559.8390000000003,6.077500000000007,0.4859802634331077,1,7,True
CN1CC=C(c2ccccc2N2CCC3(CC2)CC(C(=O)N2CCC(c4cnc5[nH]ccc5c4)CC2)C3)CC1,brics,7.389764756004003,40.760100297615004,523.7250000000003,5.684600000000006,0.4777927543984489,3,7,True
CN1CC=C(c2ccccc2N2CCC3(CC2)CC(C(=O)N2CCC[C@@H]2c2cnc4[nH]ccc4c2)C3)CC1,brics,7.375213067915975,42.148966691099396,509.6980000000003,5.6421000000000054,0.4944390821442815,3,7,True
CN1CC=C(c2ccccc2[C@H]2CCCN2C(=O)C2CC3(CCN(c4ccccc4C4=CCN(C)CC4)CC3)C2)CC1,brics,7.369919303302259,42.66587893386635,564.8180000000001,6.484700000000008,0.4156610564072407,2,7,True
CN1CC=C(c2ccccc2C2CCN(C(=O)C3CC4(CCN(c5cnc6[nH]ccc6c5)CC4)C3)CC2)CC1,brics,7.350760120439565,44.59024715448331,523.7250000000004,5.684600000000006,0.4777927543984489,3,7,True
C[C@]1(O)CC[C@H](N2CCC3(CC2)CC(C(=O)N2CCC4(CC2)CC(c2cnc5[nH]ccc5c2)C4)C3)CC1,brics,7.344253485311358,45.26333136240124,504.7190000000004,5.234900000000005,0.6000463122705807,2,7,True
CN1CC=C(c2ccccc2C2CC3(CCN(C(=O)C4CC5(CCN(C6CC6)CC5)C4)CC3)C2)CC1,brics,7.330601113974364,46.708818939011564,487.73200000000054,5.546300000000006,0.5574112207122424,1,7,True
CN1CC=C(c2ccccc2[C@@H]2CN(C)CCN2C(=O)C2CC3(CCN(c4ccccc4C4=CCN(C)CC4)CC3)C2)CC1,brics,7.3245674450333045,47.36227498312147,593.8599999999999,5.6363000000000065,0.44862737674965364,2,7,True
CN1CC=C(c2ccccc2C2CC3(CCN(C(=O)C4CC5(CCN(C6CCOCC6)CC5)C4)CC3)C2)CC1,brics,7.2917984546580925,51.074196771752405,531.7850000000004,5.562900000000006,0.5095447862001807,1,7,True
CN1CC=C(c2ccccc2N2CCC3(CC2)CC(C(=O)N2CCN(C)C[C@H]2c2cnc4[nH]ccc4c2)C3)CC1,brics,7.250991672279389,56.105873439064645,538.7400000000001,4.793700000000004,0.5175902069698163,3,7,True
CN1CCN(C(=O)C2CC3(CCN(c4cnc5[nH]ccc5c4)CC3)C2)[C@H](c2cnc3[nH]ccc3c2)C1,brics,7.248463652676768,56.43341700781742,483.6200000000003,3.951100000000002,0.4610289120483732,4,7,True
CN1CC=C(c2ccccc2[C@@H]2CN(C)CCN2C(=O)C2CC3(CCN(c4cnc5[nH]ccc5c4)CC3)C2)CC1,brics,7.241361875194254,57.363827981784006,538.7400000000002,4.793700000000004,0.5175902069698163,3,7,True
O=C(C1CC2(CCN([C@@H]3COCCO3)CC2)C1)N1CCC2(CC1)CC(c1cnc3[nH]ccc3c1)C2,brics,7.226854155960712,59.31244731979154,478.6370000000003,3.914200000000002,0.7243058419972614,2,7,True
CN1CC=C(c2ccccc2C2CC3(CCN(C(=O)C4CC5(CCN([C@@H]6COCCO6)CC5)C4)CC3)C2)CC1,brics,7.213900362116776,61.108220617907755,533.7570000000004,4.756800000000005,0.5587427202478525,1,7,True
O=C(C1CC2(CCN(c3cnc4[nH]ccc4c3)CC2)C1)N1CCC2(CC1)CC([C@@H]1COCCO1)C2,brics,7.213522723394945,61.1613800923493,478.6370000000005,3.993700000000003,0.7223362221681386,2,7,True
O=C(C1CC2(CCN(c3cnc4[nH]ccc4c3)CC2)C1)N1CCC2(CC1)CC(c1cnc3[nH]ccc3c1)C2,brics,7.210739932036297,61.55453685473009,508.6700000000004,5.622200000000006,0.376278641326936,4,8,True
CN1CC=C(c2ccccc2N2CCC3(CC2)CC(C(=O)N2CCC4(CC2)CC([C@@H]2COCCO2)C4)C3)CC1,brics,7.203714233770958,62.55841924383959,533.7570000000004,4.836300000000005,0.5545643381890707,1,7,True
O=C(C1CC2(CCN(c3cnc4[nH]ccc4c3)CC2)C1)N1CCC(c2cnc3[nH]ccc3c2)CC1,brics,7.201531781978581,62.87358410991135,468.6050000000003,4.842000000000004,0.4507708758831604,4,7,True
CC(C)C1CC2(CCN(C(=O)C3CC4(CCN(c5ccccc5C5=CCN(C)CC5)CC4)C3)CC2)C1,brics,7.184243403401881,65.42693814071335,489.74800000000045,6.076900000000007,0.5130124264060422,1,6,True
O=C(C1CC2(CCN(C3CCOCC3)CC2)C1)N1CCC2(CC1)CC(c1cnc3[nH]ccc3c1)C2,brics,7.142890430237511,71.96305133487297,476.6650000000003,4.720300000000004,0.6963729428234061,2,7,True
O=C(C1CC2(CCN(C3CC3)CC2)C1)N1CCC2(CC1)CC(c1cnc3[nH]ccc3c1)C2,brics,7.1391435129087615,72.58660548647651,432.6120000000002,4.703700000000004,0.7646170155114139,2,7,True
CCC1CC2(CCN(C(=O)C3CC4(CCN(c5ccccc5C5=CCN(C)CC5)CC4)C3)CC2)C1,brics,7.136553356850651,73.02080949529812,475.72100000000046,5.830900000000007,0.5480579997527695,1,6,True
CN1CC=C(c2ccccc2N2CCC3(CC2)CC(C(=O)N2CCC[C@@H]2[C@H]2CC[C@](C)(O)CC2)C3)CC1,brics,7.1282209932034695,74.43531092307829,505.74700000000047,5.334300000000007,0.6005582062853206,1,6,True
CN1CC=C(c2ccccc2N2CCC3(CC2)CC(C(=O)N2CCC4(CC2)CC(C(F)(F)F)C4)C3)CC1,brics,7.119692548542574,75.91147873686214,515.6640000000003,5.983200000000007,0.49536823646824824,1,6,True
CN1CC=C(c2ccccc2N2CCC3(CC2)CC(C(=O)N2CCN(C)C[C@H]2[C@H]2CC[C@](C)(O)CC2)C3)CC1,brics,7.085069527092354,82.21110259748501,534.7890000000003,4.4859000000000036,0.6172007571216306,1,6,True
CN1CC=C(c2ccccc2C2CCN(C(=O)C3CC4(CCN([C@H]5CC[C@](C)(O)CC5)CC4)C3)CC2)CC1,brics,7.078412541356422,83.48096461263329,519.7740000000005,5.297300000000005,0.5867138937040692,1,6,True
O=C(C1CC2(CCN(C3CCOCC3)CC2)C1)N1CCC[C@@H]1c1cnc2[nH]ccc2c1,brics,7.0694835867027415,85.21507161142677,422.57300000000015,3.8976000000000024,0.8150347387705723,2,6,True
CN1CC=C(c2ccccc2N2CCC3(CC2)CC(C(=O)N2CCN(C)C[C@H]2C2CC2)C3)CC1,brics,7.062134751139977,86.66929200519819,462.68200000000036,3.9547000000000025,0.6777488209813847,1,6,True
CN1CCN(C(=O)C2CC3(CCN([C@H]4CC[C@](C)(O)CC4)CC3)C2)[C@H](c2cnc3[nH]ccc3c2)C1,brics,7.06203242901154,86.68971416476055,479.66900000000027,3.5638000000000014,0.7040998086522865,2,6,True
CN1CCN(C(=O)C2CC3(CCN(c4cnc5[nH]ccc5c4)CC3)C2)[C@H]([C@H]2CC[C@](C)(O)CC2)C1,brics,7.056490229487735,87.80308403168726,479.66900000000044,3.6433000000000018,0.7030393684599158,2,6,True
CN1CC=C(c2ccccc2N2CCC3(CC2)CC(C(=O)N2CCC[C@@H]2C2CC2)C3)CC1,brics,7.048105676139975,89.5146924463728,433.6400000000003,4.803100000000005,0.6822069293871337,1,6,True
CN1CC=C(c2ccccc2N2CCC3(CC2)CC(C(=O)N2CCC4(CC2)CC(N(C)C)C4)C3)CC1,brics,7.046020670147908,89.94547711643128,490.73600000000044,4.734900000000005,0.610192875056474,1,6,True
CN1CC=C(c2ccccc2[C@@H]2CN(C)CCN2C(=O)C2CC3(CCN([C@H]4CC[C@](C)(O)CC4)CC3)C2)CC1,brics,7.042533921118327,90.67051424692472,534.7890000000003,4.406400000000003,0.6204610648129385,1,6,True
C[C@]1(O)CC[C@H](N2CCC3(CC2)CC(C(=O)N2CCC(c4cnc5[nH]ccc5c4)CC2)C3)CC1,brics,7.037997606479076,91.62255396887083,464.6540000000003,4.454700000000003,0.7037515221631324,2,6,True
CN1CC=C(c2ccccc2[C@H]2CCCN2C(=O)C2CC3(CCN(C4CCOCC4)CC3)C2)CC1,brics,7.03199022401876,92.89872980752939,477.6930000000005,4.740200000000005,0.6276398752063537,1,6,True
CN1CCN(C(=O)C2CC3(CCN(C4CCOCC4)CC3)C2)[C@H](c2cnc3[nH]ccc3c2)C1,brics,7.023976163239537,94.6289098124129,451.61500000000024,3.049200000000001,0.7771786496185912,2,6,True
CC(C)C1CC2(CCN(C(=O)C3CC4(CCN(c5cnc6[nH]ccc6c5)CC4)C3)CC2)C1,brics,7.023479693434347,94.73714802809917,434.62800000000027,5.234300000000005,0.7192027863752984,2,6,True
CN1CC=C(c2ccccc2[C@@H]2CN(C)CCN2C(=O)C2CC3(CCN(C4CC4)CC3)C2)CC1,brics,7.018923991118331,95.73616111117248,462.6820000000004,3.875200000000003,0.6794886875323441,1,6,True
CN1CC=C(c2ccccc2[C@@H]2CN(C)CCN2C(=O)C2CC3(CCN(C4CCOCC4)CC3)C2)CC1,brics,7.01531457280664,96.53513920841345,506.7350000000005,3.8918000000000026,0.6196803790583878,1,6,True
CN1CCN(C(=O)C2CC3(CCN(C4CC4)CC3)C2)[C@H](c2cnc3[nH]ccc3c2)C1,brics,7.0108539424098115,97.5317591655595,407.56200000000007,3.0326000000000004,0.8498031409889543,2,6,True
O=C(C1CC2(CCN(C3CCOCC3)CC2)C1)N1CCC2(CC1)CC([C@@H]1COCCO1)C2,brics,7.009924819430022,97.74064048018461,446.6320000000004,3.091800000000001,0.6668939876682665,0,6,True
CN1CC=C(c2ccccc2C2CCN(C(=O)C3CC4(CCN(C5CCOCC5)CC4)C3)CC2)CC1,brics,7.0098589837590195,97.75545832539675,491.72000000000054,4.782700000000005,0.607244873560841,1,6,True
CN1CC=C(c2ccccc2C2CCN(C(=O)C3CC4(CCN(C5CC5)CC4)C3)CC2)CC1,brics,7.009575990165949,97.81917818536216,447.6670000000004,4.766100000000005,0.6654459298890437,1,6,True
C[C@]1(O)CC[C@H]([C@H]2CCCN2C(=O)C2CC3(CCN(c4cnc5[nH]ccc5c4)CC3)C2)CC1,brics,7.000855622114,99.80317967323677,450.62700000000024,4.491700000000004,0.7226337722551471,2,6,True
CN1CCN(C(=O)C2CC3(CCN(c4cnc5[nH]ccc5c4)CC3)C2)[C@H](C2CC2)C1,brics,6.995211265663787,101.108748385424,407.5620000000003,3.1121000000000008,0.8494843601008274,2,6,True
O=C(C1CC2(CCN(C3CCOCC3)CC2)C1)N1CCC(c2cnc3[nH]ccc3c2)CC1,brics,6.99190761910534,101.88080806357995,436.6000000000002,3.940100000000003,0.7917386290552589,2,6,True
O=C(C1CC2(CCN(C3CC3)CC2)C1)N1CCC(c2cnc3[nH]ccc3c2)CC1,brics,6.978701999862915,105.02628410219667,392.5470000000001,3.9235000000000033,0.8612336894961349,2,6,True
O=C(C1CC2(CCN(c3cnc4[nH]ccc4c3)CC2)C1)N1CCC2(CC1)CC(C(F)(F)F)C2,brics,6.971655826630593,106.74417213781973,460.5440000000003,5.140600000000005,0.6752431329430513,2,6,True
CN1CC=C(c2ccccc2N2CCC3(CC2)CC(C(=O)N2CCC([C@@H]4COCCO4)CC2)C3)CC1,brics,6.946282850274173,113.16630859140793,493.69200000000046,4.056100000000003,0.6332015449248974,1,6,True
CN1CC=C(c2ccccc2N2CCC3(CC2)CC(C(=O)N2CCC[C@@H]2C2CCOCC2)C3)CC1,brics,6.945424665909094,113.3901511180416,477.69300000000044,4.8197000000000045,0.623013456241367,1,6,True
CN1CC=C(c2ccccc2N2CCC3(CC2)CC(C(=O)N2CCN(C)C[C@H]2C2CCOCC2)C3)CC1,brics,6.943879504004331,113.79429669027267,506.73500000000047,3.971300000000003,0.6180522549680962,1,6,True
CCC1CC2(CCN(C(=O)C3CC4(CCN(c5cnc6[nH]ccc6c5)CC4)C3)CC2)C1,brics,6.931444413730156,117.09964710455596,420.6010000000003,4.988300000000004,0.7611492543294166,2,6,True
CN1CC=C(c2ccccc2C2CCN(C(=O)C3CC4(CCN([C@@H]5COCCO5)CC4)C3)CC2)CC1,brics,6.929480194141418,117.63046284514675,493.6920000000005,3.976600000000003,0.6350982972673977,1,6,True
CN(C)C1CC2(CCN(C(=O)C3CC4(CCN(c5cnc6[nH]ccc6c5)CC4)C3)CC2)C1,brics,6.928970417258297,117.76861909799442,435.61600000000027,3.892300000000003,0.7946980892578069,2,6,True
O=C(C1CC2(CCN(C3CC3)CC2)C1)N1CCC2(CC1)CC([C@@H]1COCCO1)C2,brics,6.918324957987021,120.6910434379956,402.5790000000003,3.0752000000000015,0.7276005520197374,0,6,True
CN1CCN(C(=O)C2CC3(CCN([C@@H]4COCCO4)CC3)C2)[C@H](c2cnc3[nH]ccc3c2)C1,brics,6.914555195266956,121.7432257357035,453.5870000000002,2.2431,0.7685561383836564,2,6,True
C[C@]1(O)CC[C@H](N2CCC3(CC2)CC(C(=O)N2CCC4(CC2)CC([C@@H]2COCCO2)C4)C3)CC1,brics,6.913868601695532,121.93584670690406,474.6860000000005,3.6064000000000016,0.6771843922843581,0,6,True
CN1CC=C(c2ccccc2[C@@H]2CN(C)CCN2C(=O)C2CC3(CCN([C@@H]4COCCO4)CC3)C2)CC1,brics,6.913530998881681,122.03067151163968,508.7070000000005,3.085700000000001,0.6231943505487436,1,6,True
CN1CCN(C(=O)C2CC3(CCN(c4cnc5[nH]ccc5c4)CC3)C2)[C@H](C2CCOCC2)C1,brics,6.910429512669555,122.90526494173199,451.6150000000004,3.128700000000001,0.7768663552379442,2,6,True
O=C(C1CC2(CCN([C@@H]3COCCO3)CC2)C1)N1CCC2(CC1)CC([C@@H]1COCCO1)C2,brics,6.9074674815512385,123.74638434222621,448.6040000000004,2.285700000000001,0.6603363343882976,0,6,True
O=C(C1CC2(CCN([C@@H]3COCCO3)CC2)C1)N1CCC(c2cnc3[nH]ccc3c2)CC1,brics,6.890827645043296,128.57968425482807,438.5720000000002,3.1340000000000012,0.797340833349263,2,6,True
O=C(C1CC2(CCN(c3cnc4[nH]ccc4c3)CC2)C1)N1CCC([C@@H]2COCCO2)CC1,brics,6.862022741666674,137.39700257067707,438.5720000000004,3.2135000000000016,0.7969063947633095,2,6,True
CC[C@@H]1CN(C)CCN1C(=O)C1CC2(CCN(c3ccccc3C3=CCN(C)CC3)CC2)C1,brics,6.377314930541128,419.45470426792025,450.67100000000033,3.9547000000000025,0.6947798811973054,1,5,True
CC(C)C1CCN(C(=O)C2CC3(CCN(c4ccccc4C4=CCN(C)CC4)CC3)C2)CC1,brics,6.346028889603179,450.78671686472796,449.6830000000004,5.296700000000006,0.6242971632003508,1,5,True
CCC1CCN(C(=O)C2CC3(CCN(c4ccccc4C4=CCN(C)CC4)CC3)C2)CC1,brics,6.326658924559888,471.34735618401254,435.6560000000004,5.050700000000005,0.6620531320210705,1,5,True
CC(C)[C@@H]1CN(C)CCN1C(=O)C1CC2(CCN(c3ccccc3C3=CCN(C)CC3)CC2)C1,brics,6.306749241111116,493.45864161604396,464.6980000000003,4.200700000000003,0.6681001795027603,1,5,True
CN1CC=C(c2ccccc2-c2ccc(N3CCC4(CC3)CC(C(=O)N(C)C)C4)cc2)CC1,brics,6.304145079177495,496.4264589393449,443.63500000000033,5.157300000000005,0.6532597546641307,2,5,True
CN1CC=C(c2ccccc2N2CCC3(CC2)CC(C(=O)N2CCC(N(C)C)CC2)C3)CC1,brics,6.286476719920641,517.0389727709727,450.67100000000033,3.9547000000000034,0.6947798811973054,1,5,True
CCC1CCN(C(=O)C2CC3(CCN(c4cnc5[nH]ccc5c4)CC3)C2)CC1,brics,6.2853106119536,518.4291203757747,380.5360000000002,4.2081000000000035,0.867824156548003,2,5,True
CC[C@H]1CCCN1C(=O)C1CC2(CCN(c3ccccc3C3=CCN(C)CC3)CC2)C1,brics,6.283969536385283,520.0324729658643,421.6290000000003,4.803100000000005,0.6984472344694308,1,5,True
CC[C@@H]1CN(C)CCN1C(=O)C1CC2(CCN(c3cnc4[nH]ccc4c3)CC2)C1,brics,6.27741149242979,527.9447889668052,395.55100000000016,3.1121000000000008,0.8676498316901016,2,5,True
CN(C)C(=O)C1CC2(CCN(c3ccc(-c4cnc5[nH]ccc5c4)cc3)CC2)C1,brics,6.272489817687313,533.9617925041304,388.51500000000016,4.314700000000004,0.7271841687657158,3,5,True
CN1CC=C(c2ccccc2[C@]2(O)CC[C@H](N3CCC4(CC3)CC(C(=O)N(C)C)C4)CC2)CC1,brics,6.266907227301592,540.8698496180938,465.6820000000004,4.116100000000004,0.7268486911902651,1,5,True
CN1CC=C(c2ccccc2N2CCC3(CC2)CC(C(=O)N2CCN(C)C[C@H]2N(C)C)C3)CC1,brics,6.265678603571435,542.4021426170606,465.6860000000003,3.0638000000000014,0.6826978151594213,1,5,True
CC(C)[C@H]1CCCN1C(=O)C1CC2(CCN(c3ccccc3C3=CCN(C)CC3)CC2)C1,brics,6.256955214098126,553.4071754751201,435.65600000000035,5.0491000000000055,0.6621743463011764,1,5,True
CC(C)C1CCN(C(=O)C2CC3(CCN(c4cnc5[nH]ccc5c4)CC3)C2)CC1,brics,6.230825717285493,587.7251597770701,394.5630000000002,4.454100000000004,0.8364719678008179,2,5,True
CN(C)C(=O)C1CC2(CCN(Cc3cnc4[nH]ccc4c3)CC2)C1,brics,6.2260866190748105,594.1736401771815,326.44400000000013,2.6433,0.9432505916592281,2,4,True
CC(C)[C@@H]1CN(C)CCN1C(=O)C1CC2(CCN(c3cnc4[nH]ccc4c3)CC2)C1,brics,6.212644401217668,612.851987379258,409.57800000000015,3.358100000000001,0.8446344441749192,2,5,True
CN1CC=C(c2ccccc2N2CCC3(CC2)CC(C(=O)N2CCC[C@@H]2C(F)(F)F)C3)CC1,brics,6.210893857691203,615.3272413565394,461.57200000000023,4.955400000000005,0.6370301075093355,1,5,True
O=C(C1CC2(CCN(c3cnc4[nH]ccc4c3)CC2)C1)N1CCC(C(F)(F)F)CC1,brics,6.208170166968031,619.198410788056,420.4790000000002,4.360400000000004,0.785523391739768,2,5,True
CN1CCN(C(=O)C2CC3(CCN([C@H]4CC[C@](C)(O)CC4)CC3)C2)[C@H]([C@H]2CC[C@](C)(O)CC2)C1,brics,6.204093220499505,625.0385150256946,475.7180000000004,3.256000000000001,0.6559240361364863,0,5,True
CCC1CC2(CCN(C(=O)C3CC4(CCN([C@H]5CC[C@](C)(O)CC5)CC4)C3)CC2)C1,brics,6.2037622565007196,625.5150214013536,416.6500000000004,4.601000000000004,0.7310761485791477,0,5,True
CN1CC=C(c2ccccc2N2CCC3(CC2)CC(C(=O)N2CCN(C)C[C@H]2C(F)(F)F)C3)CC1,brics,6.200510317395388,630.2163739637666,490.61400000000026,4.107000000000004,0.6382293880593335,1,5,True
CN(C)[C@H]1CCCN1C(=O)C1CC2(CCN(c3cnc4[nH]ccc4c3)CC2)C1,brics,6.199889934904538,631.1172709449207,381.52400000000017,3.069600000000001,0.8877928723153761,2,5,True
CN1CC=C(c2ccccc2N2CCC3(CC2)CC(C(=O)N2CCC[C@@H]2N(C)C)C3)CC1,brics,6.1899264213997185,645.7636256789378,436.6440000000003,3.912200000000003,0.715866047746103,1,5,True
CN1CCN(C(=O)C2CC3(CCN(c4cnc5[nH]ccc5c4)CC3)C2)[C@H](C(F)(F)F)C1,brics,6.186394059696971,651.0374032981997,435.4940000000002,3.264400000000001,0.7869451039931697,2,5,True
CN1CC=C(c2ccccc2N2CCC3(CC2)CC(C(=O)N2CCC(C(F)(F)F)CC2)C3)CC1,brics,6.186197833701303,651.3316260730877,475.5990000000003,5.203000000000006,0.6011174464391921,1,5,True
CN(C)C1CCN(C(=O)C2CC3(CCN(c4cnc5[nH]ccc5c4)CC3)C2)CC1,brics,6.18519769823787,652.8333041680257,395.5510000000002,3.1121000000000016,0.8676498316901015,2,5,True
CCC1CC2(CCN(C(=O)C3CC4(CCN(C5CC5)CC4)C3)CC2)C1,brics,6.17511280704906,668.1703392309073,344.54300000000023,4.069800000000003,0.7703584561221005,0,5,True
CN1CC=C(c2ccccc2CN2CCC3(CC2)CC(C(=O)N(C)C)C3)CC1,brics,6.171480234776336,673.7825593645534,381.56400000000014,3.4859000000000027,0.7988180481886695,1,4,True
CCc1ccc(N2CCC3(CC2)CC(C(=O)N(C)C)C3)cc1,brics,6.171426353737375,673.8661578397474,300.446,3.333800000000002,0.854595932319393,1,3,True
CN1CCN(C(=O)C2CC3(CCN(c4cnc5[nH]ccc5c4)CC3)C2)[C@H](N(C)C)C1,brics,6.1700923036924165,675.9392979417856,410.56600000000026,2.2211999999999996,0.8409269573336146,2,5,True
CC[C@@H]1CN(C)CCN1C(=O)C1CC2(CCN([C@H]3CC[C@](C)(O)CC3)CC2)C1,brics,6.162467829531023,687.9108675857202,391.6000000000003,2.724800000000001,0.8035860342772617,0,4,True
CN(C)C(=O)C1CC2(CCN([C@H]3CCCN3c3cnc4[nH]ccc4c3)CC2)C1,brics,6.1606370320257495,690.816923000369,381.5240000000001,3.069600000000001,0.8877928723153762,2,5,True
CCC1CCN(C(=O)C2CC3(CCN([C@H]4CC[C@](C)(O)CC4)CC3)C2)CC1,brics,6.1599263138961025,691.9483628174768,376.58500000000026,3.820800000000003,0.8142144678610392,0,4,True
CC[C@]1(O)CC[C@H](N2CCC3(CC2)CC(C(=O)N(C)C)C3)CC1,brics,6.1566114674963925,697.2500153572269,322.4930000000001,2.650500000000001,0.8685735286410768,0,3,True
CC(C)C1CC2(CCN(C(=O)C3CC4(CCN([C@H]5CC[C@](C)(O)CC5)CC4)C3)CC2)C1,brics,6.1530061725974035,703.0623272366398,430.6770000000005,4.847000000000005,0.69617926752723,0,5,True
CC[C@H]1CCCN1C(=O)C1CC2(CCN(C3CCOCC3)CC2)C1,brics,6.15270116064935,703.5562725658302,334.5040000000002,3.058600000000001,0.7951076462558284,0,4,True
CCC1CC2(CCN(C(=O)C3CC4(CCN(C5CCOCC5)CC4)C3)CC2)C1,brics,6.152370336875902,704.092410654108,388.59600000000034,4.086400000000004,0.730056022040068,0,5,True
CC[C@@H]1CN(C)CCN1C(=O)C1CC2(CCN(C3CCOCC3)CC2)C1,brics,6.1507612748268405,706.7059131732227,363.5460000000003,2.2101999999999995,0.7702580474327179,0,4,True
CC[C@@H]1CN(C)CCN1C(=O)C1CC2(CCN(C3CC3)CC2)C1,brics,6.147842987857144,711.4706878772303,319.49300000000017,2.1936,0.7977411512333809,0,4,True
CCC1CCN(C(=O)C2CC3(CCN(C4CC4)CC3)C2)CC1,brics,6.144077665555556,717.6659384824471,304.47800000000007,3.289600000000002,0.7985903962056167,0,4,True
CN(C)C(=O)C1CC2(CCN(C[C@H]3CC[C@](C)(O)CC3)CC2)C1,brics,6.1412466318614705,722.3594657703031,322.49300000000017,2.508,0.8681101505511073,0,3,True
CN1CC=C(c2ccccc2N2CCC[C@@H]2N2CCC3(CC2)CC(C(=O)N(C)C)C3)CC1,brics,6.140313115685433,723.9138477271835,436.6440000000003,3.912200000000003,0.715866047746103,1,5,True
C[C@]1(O)CC[C@H](N2CCC3(CC2)CC(C(=O)N2CCC4(CC2)CC(C(F)(F)F)C4)C3)CC1,brics,6.137360848961043,728.8516663595692,456.5930000000003,4.753300000000005,0.6520439416467213,0,5,True
CCC1CC2(CCN(C(=O)C3CC4(CCN([C@@H]5COCCO5)CC4)C3)CC2)C1,brics,6.1360424519408365,731.0676187112991,390.5680000000003,3.2803000000000013,0.741649472439723,0,5,True
CCC1CCN(C(=O)C2CC3(CCN(C4CCOCC4)CC3)C2)CC1,brics,6.135254169220779,732.3957757990329,348.53100000000023,3.3062000000000014,0.7843708397876406,0,4,True
CN(C)C(=O)C1CC2(CCN([C@H]3CC[C@@](O)(c4cnc5[nH]ccc5c4)CC3)CC2)C1,brics,6.132768861219338,736.5990235001401,410.56200000000024,3.273500000000001,0.8146076559898761,2,5,True
C[C@]1(O)CC[C@H]([C@H]2CCCN2C(=O)C2CC3(CCN([C@H]4CC[C@](C)(O)CC4)CC3)C2)CC1,brics,6.132164874684206,737.6241468188102,446.6760000000004,4.104400000000003,0.6849550639807283,0,5,True
CC[C@@H]1CN(C)CCN1C(=O)C1CC2(CCN([C@@H]3COCCO3)CC2)C1,brics,6.128337053412699,744.1542159938477,365.51800000000026,1.4041000000000015,0.7566122000784127,0,4,True
CCC1CCN(C(=O)C2CC3(CCN([C@@H]4COCCO4)CC3)C2)CC1,brics,6.1277704671428594,745.1256828880117,350.5030000000002,2.5001000000000007,0.7842541056240323,0,4,True
CC(C)C1CCN(C(=O)C2CC3(CCN([C@H]4CC[C@](C)(O)CC4)CC3)C2)CC1,brics,6.123715913997115,752.1147155925867,390.6120000000003,4.066800000000003,0.7899942226845095,0,4,True
CC(C)c1ccc(N2CCC3(CC2)CC(C(=O)N(C)C)C3)cc1,brics,6.122166426688316,754.8029229919649,314.473,3.8948000000000036,0.8446945152798911,1,3,True
CC(C)C1CC2(CCN(C(=O)C3CC4(CCN(C5CC5)CC4)C3)CC2)C1,brics,6.11894419688312,760.4239786238036,358.57000000000033,4.315800000000004,0.7501531044976427,0,5,True
C[C@]1(O)CC[C@H]([C@H]2CCCN2C(=O)C2CC3(CCN(C4CC4)CC3)C2)CC1,brics,6.117002468802311,763.8314414682087,374.56900000000024,3.5732000000000026,0.8211777555652674,0,5,True
CN(C)C(=O)C1CC2(CCN(CC3CC3)CC2)C1,brics,6.115274150634921,766.8772413162013,250.3859999999999,1.9767999999999994,0.7644333924200232,0,3,True
CN(C)CC(=O)N1CCC2(CC1)CC(C(=O)N(C)C)C2,brics,6.1097840577777776,776.6331823394812,281.4,0.6550000000000007,0.7629742566586242,0,2,True
CC(C)[C@@H]1CN(C)CCN1C(=O)C1CC2(CCN([C@H]3CC[C@](C)(O)CC3)CC2)C1,brics,6.108879401219338,778.2526331967177,405.6270000000003,2.9708000000000014,0.7841805525590684,0,4,True
C[C@]1(O)CC[C@H]([C@H]2CCCN2C(=O)C2CC3(CCN(C4CCOCC4)CC3)C2)CC1,brics,6.104050636673883,786.9540292436596,418.62200000000036,3.589800000000002,0.7610166069799024,0,5,True
CC(C)C1CCN(C(=O)C2CC3(CCN(C4CC4)CC3)C2)CC1,brics,6.102990884704188,788.876674975574,318.50500000000017,3.5356000000000023,0.7945029847071899,0,4,True
CC(C)[C@]1(O)CC[C@H](N2CCC3(CC2)CC(C(=O)N(C)C)C3)CC1,brics,6.100493426724391,793.4262656104574,336.5200000000001,2.8965000000000014,0.8616943640566507,0,3,True
CN(C)C1CC2(CCN(C(=O)C3CC4(CCN([C@H]5CC[C@](C)(O)CC5)CC4)C3)CC2)C1,brics,6.097820672070711,798.3242615308725,431.6650000000005,3.5050000000000017,0.7429200872061303,0,5,True
CN1CCN(C(=O)C2CC3(CCN([C@H]4CC[C@](C)(O)CC4)CC3)C2)[C@H](C2CC2)C1,brics,6.097192846580089,799.4791709195431,403.6110000000003,2.7248,0.7871348607472437,0,5,True
CN1CCN(C(=O)C2CC3(CCN(C4CC4)CC3)C2)[C@H]([C@H]2CC[C@](C)(O)CC2)C1,brics,6.0971928465800875,799.4791709195464,403.6110000000002,2.7248,0.7871348607472437,0,5,True
CC(C)[C@H]1CCCN1C(=O)C1CC2(CCN(C3CCOCC3)CC2)C1,brics,6.095463853686872,802.6683641498379,348.53100000000023,3.3046000000000015,0.7843833446296916,0,4,True
CN1CCN(C(=O)C2CC3(CCN(C4CCOCC4)CC3)C2)[C@H]([C@H]2CC[C@](C)(O)CC2)C1,brics,6.094868929891778,803.768663029011,447.6640000000004,2.7414000000000014,0.7210282289268677,0,5,True
CN(C)C(=O)C1CC2(CCN(C(=O)c3cnc4[nH]ccc4c3)CC2)C1,brics,6.094050812770562,805.2842168473729,340.42700000000013,2.2835,0.9117645150968224,2,4,True
CC(C)C1CC2(CCN(C(=O)C3CC4(CCN(C5CCOCC5)CC4)C3)CC2)C1,brics,6.0940459347546945,805.2932618880362,402.62300000000045,4.332400000000004,0.7042214961923221,0,5,True
CC(C)C1CCN(C(=O)C2CC3(CCN(C4CCOCC4)CC3)C2)CC1,brics,6.093327089927856,806.6272881448787,362.5580000000003,3.552200000000002,0.7695897515393842,0,4,True
CN(C)C(=O)C1CC2(CCN(CC3CCOCC3)CC2)C1,brics,6.0931253974603194,807.0019842063546,294.439,1.9933999999999994,0.7978953480603723,0,3,True
CN(C)C(=O)C1CC2(CCN(c3ccc([C@H]4CC[C@](C)(O)CC4)cc3)CC2)C1,brics,6.091232981854259,810.5261259154747,384.56400000000025,4.180000000000003,0.8501400422342577,1,4,True
CN(C)C(=O)C1CC2(CCN(C[C@@H]3COCCO3)CC2)C1,brics,6.088948964126984,814.8000291644883,296.41100000000006,0.9822000000000004,0.7785309582352689,0,3,True
CC(C)[C@@H]1CN(C)CCN1C(=O)C1CC2(CCN(C3CC3)CC2)C1,brics,6.088254101847045,816.1047360039208,333.52000000000015,2.4396000000000004,0.7936095571948171,0,4,True
O=C(C1CC2(CCN(C3CC3)CC2)C1)N1CCC2(CC1)CC(C(F)(F)F)C2,brics,6.088070835303031,816.4491941132399,384.4860000000001,4.222100000000004,0.7116315746602925,0,5,True
O=C(C1CC2(CCN(C3CCOCC3)CC2)C1)N1CCC[C@@H]1C1CC1,brics,6.085874393730163,820.5888399988316,346.51500000000016,3.058600000000001,0.7872866846318035,0,5,True
CN(C)C(=O)C1CC2(CCN(c3ccc(C(F)(F)F)cc3)CC2)C1,brics,6.085600217958157,821.1070519982856,340.3890000000001,3.790200000000003,0.81772584844044,1,3,True
CN(C)C(=O)C1CC2(CCN(c3ccc(N(C)C)cc3)CC2)C1,brics,6.085209504148634,821.8460948209711,315.4610000000001,2.8374000000000015,0.8580024812654942,1,3,True
CC(C)C1CCN(C(=O)C2CC3(CCN([C@@H]4COCCO4)CC3)C2)CC1,brics,6.084732605577205,822.7490593225479,364.53000000000026,2.746100000000001,0.772209513008525,0,4,True
CN1CCN(C(=O)C2CC3(CCN([C@@H]4COCCO4)CC3)C2)[C@H]([C@H]2CC[C@](C)(O)CC2)C1,brics,6.0837122710334155,824.684304261536,449.63600000000037,1.9353000000000005,0.7104480906358633,0,5,True
CN1CCN(C(=O)C2CC3(CCN(C4CC4)CC3)C2)[C@H](C2CC2)C1,brics,6.083598042922079,824.9012412111329,331.5040000000001,2.193599999999999,0.7931121407949611,0,5,True
CN(C)C1CC2(CCN(C(=O)C3CC4(CCN(C5CC5)CC4)C3)CC2)C1,brics,6.080509971226555,830.7876439329241,359.55800000000033,2.9738000000000007,0.7750415824047162,0,5,True
CN(C)[C@H]1CCCN1C(=O)C1CC2(CCN([C@H]3CC[C@](C)(O)CC3)CC2)C1,brics,6.08042798897547,830.9444874413077,377.57300000000026,2.6823000000000006,0.8214397278676779,0,4,True
C[C@]1(O)CC[C@H](N2CCC3(CC2)CC(C(=O)N2CCC(C(F)(F)F)CC2)C3)CC1,brics,6.078382497308804,834.8673994005885,416.5280000000002,3.973100000000003,0.7407886531901452,0,4,True
CN1CCN(C(=O)C2CC3(CCN([C@H]4CC[C@](C)(O)CC4)CC3)C2)[C@H](C2CCOCC2)C1,brics,6.077901595909094,835.7923737840412,447.6640000000004,2.7414000000000014,0.7210282289268677,0,5,True
CN(C)C(=O)C1CC2(CCN(c3ccc(C4CC4)cc3)CC2)C1,brics,6.0771578812626315,837.2248662205744,312.4570000000001,3.6488000000000023,0.8503720999849823,1,4,True
C[C@]1(O)CC[C@H]([C@H]2CCCN2C(=O)C2CC3(CCN([C@@H]4COCCO4)CC3)C2)CC1,brics,6.076575142000224,838.349014213907,420.59400000000034,2.7837000000000005,0.7607538066629737,0,5,True
CC(C)[C@@H]1CN(C)CCN1C(=O)C1CC2(CCN(C3CCOCC3)CC2)C1,brics,6.07650381302309,838.4867168353218,377.57300000000026,2.4562,0.756958037014839,0,4,True
CC(C)C1CC2(CCN(C(=O)C3CC4(CCN([C@@H]5COCCO5)CC4)C3)CC2)C1,brics,6.074632601486294,842.1072347753217,404.5950000000004,3.5263000000000018,0.7217027963017317,0,5,True
CN(C)C(=O)C1CC2(CCN([C@H]3CC[C@@](O)(C(F)(F)F)CC3)CC2)C1,brics,6.073951385829727,843.4291644766063,362.43600000000015,2.8028000000000004,0.8215456466585664,0,3,True
CN1CCN(C(=O)C2CC3(CCN([C@H]4CC[C@](C)(O)CC4)CC3)C2)[C@H](C(F)(F)F)C1,brics,6.073868739769122,843.5896839713051,431.5430000000002,2.8771000000000013,0.7305555944756719,0,4,True
O=C(C1CC2(CCN(C3CCOCC3)CC2)C1)N1CCC2(CC1)CC(C(F)(F)F)C2,brics,6.073514482352097,844.2780874264894,428.5390000000002,4.238700000000003,0.6596749303952907,0,5,True
O=C(C1CC2(CCN(C3CCOCC3)CC2)C1)N1CCC[C@@H]1C1CCOCC1,brics,6.073206129256857,844.8777455263013,390.56800000000027,3.0752000000000015,0.742711502051789,0,5,True
CN(C)C(=O)C1CC2(CCN([C@H]3CCCN3[C@H]3CC[C@](C)(O)CC3)CC2)C1,brics,6.068738162546901,853.6146057282484,377.57300000000026,2.6823000000000006,0.8214397278676779,0,4,True
CN(C)C(=O)C1CC2(CCN(C(=O)[C@H]3CC[C@](C)(O)CC3)CC2)C1,brics,6.067364525059388,856.3187923533169,336.47600000000017,2.0345999999999993,0.8392661851175071,0,3,True
O=C(C1CC2(CCN(C3CCOCC3)CC2)C1)N1CCC[C@@H]1C(F)(F)F,brics,6.066175487077926,858.6664866547325,374.44700000000006,3.2109000000000014,0.7441366058060687,0,4,True
CN1CCN(C(=O)C2CC3(CCN(C4CCOCC4)CC3)C2)[C@H](C2CC2)C1,brics,6.066003434733047,859.0067277960904,375.55700000000024,2.2101999999999995,0.7577805296612022,0,5,True
O=C(C1CC2(CCN(C3CC3)CC2)C1)N1CCC(C(F)(F)F)CC1,brics,6.064896993174607,861.1979886076939,344.421,3.441900000000002,0.7660655485825115,0,4,True
CN(C)C1CCN(C(=O)C2CC3(CCN([C@H]4CC[C@](C)(O)CC4)CC3)C2)CC1,brics,6.064534300642138,861.9175016462139,391.6000000000003,2.7248,0.8035860342772617,0,4,True
CN(C)[C@H]1CCCN1C(=O)C1CC2(CCN(C3CC3)CC2)C1,brics,6.063499627222225,863.973402277845,305.4660000000001,2.1510999999999996,0.799232876311299,0,4,True
CN(C)C(=O)C1CC2(CCN([C@H]3CC[C@@](O)(N(C)C)CC3)CC2)C1,brics,6.0628104613059195,865.3454982222072,337.5080000000002,1.7595999999999992,0.7974034661839839,0,3,True
CN1CCN(C(=O)C2CC3(CCN(C4CCOCC4)CC3)C2)[C@H](C2CCOCC2)C1,brics,6.0613637957647954,868.2328313772331,419.61000000000035,2.2268,0.7020113376415639,0,5,True
CN1CCN(C(=O)C2CC3(CCN(C4CC4)CC3)C2)[C@H](C(F)(F)F)C1,brics,6.05868907730159,873.5965750363181,359.436,2.3458999999999994,0.7572861464891552,0,4,True
O=C(C1CC2(CCN(C3CC3)CC2)C1)N1CCC([C@@H]2COCCO2)CC1,brics,6.057296811868693,876.4016532213878,362.5140000000002,2.295,0.7725543273556761,0,5,True
O=C(C1CC2(CCN([C@@H]3COCCO3)CC2)C1)N1CCC2(CC1)CC(C(F)(F)F)C2,brics,6.057110699083698,876.7773073311517,430.5110000000002,3.4326000000000025,0.6732919345571673,0,5,True
CN(C)[C@H]1CCCN1C(=O)C1CC2(CCN(C3CCOCC3)CC2)C1,brics,6.056990261284275,877.020487424938,349.51900000000023,2.1677,0.7823343435195478,0,4,True
CN(C)C(=O)C1CC2(CCN(c3ccc(C4CCOCC4)cc3)CC2)C1,brics,6.054598361897552,881.8640490922754,356.5100000000002,3.6654000000000027,0.8284169435074178,1,4,True
C[C@]1(O)CC[C@H](N2CCC3(CC2)CC(C(=O)N2CCC([C@@H]4COCCO4)CC2)C3)CC1,brics,6.054161708645248,882.7511486668321,434.6210000000004,2.826200000000001,0.740145436162493,0,5,True
CC(C)[C@@H]1CN(C)CCN1C(=O)C1CC2(CCN([C@@H]3COCCO3)CC2)C1,brics,6.05409897816739,882.8786644496927,379.54500000000024,1.6501000000000015,0.7461492202320564,0,4,True
CN(C)C1CC2(CCN(C(=O)C3CC4(CCN(C5CCOCC5)CC4)C3)CC2)C1,brics,6.052337805209241,886.4662280012419,403.61100000000044,2.990400000000001,0.7258357168672835,0,5,True
CN1CCN(C(=O)C2CC3(CCN([C@H]4CC[C@](C)(O)CC4)CC3)C2)[C@H](N(C)C)C1,brics,6.052256638023089,886.6319190161436,406.61500000000024,1.8339000000000008,0.7750271505635739,0,4,True
CN1CCN(C(=O)C2CC3(CCN(C4CCOCC4)CC3)C2)[C@H](C(F)(F)F)C1,brics,6.05193650779221,887.2857203668481,403.48900000000015,2.3625,0.7093787436163148,0,4,True
CN(C)C(=O)C1CC2(CCN([C@H]3CCCN3C3CC3)CC2)C1,brics,6.051809800793655,887.5446269774905,305.4660000000001,2.1510999999999996,0.799232876311299,0,4,True
CN1CC=C(c2ccccc2C(=O)N2CCC3(CC2)CC(C(=O)N(C)C)C3)CC1,brics,6.051485060865807,888.2085289482633,395.5470000000002,3.126100000000002,0.7898416363279349,1,4,True
CN(C)C(=O)C1CC2(CCN(c3ccc([C@@H]4COCCO4)cc3)CC2)C1,brics,6.051205670707077,888.7801147532764,358.4820000000002,2.859300000000001,0.8332309499699172,1,4,True
O=C(C1CC2(CCN(C3CCOCC3)CC2)C1)N1CCC([C@@H]2COCCO2)CC1,brics,6.050503307647912,890.2186579537715,406.5670000000003,2.3116000000000003,0.7199714172232338,0,5,True
CN1CCN(C(=O)C2CC3(CCN([C@@H]4COCCO4)CC3)C2)[C@H](C2CC2)C1,brics,6.050216570353539,890.806607338934,377.5290000000002,1.4041000000000006,0.7440839074711179,0,5,True
CN1CCN(C(=O)C2CC3(CCN(C4CC4)CC3)C2)[C@H](C2CCOCC2)C1,brics,6.049930700750364,891.3931640927866,375.5570000000002,2.2101999999999995,0.7577805296612022,0,5,True
CN(C)C(=O)C1CC2(CCN(C(=O)C3CC3)CC2)C1,brics,6.049235887222227,892.8204162453447,264.36899999999997,1.5033999999999996,0.7581884136613853,0,3,True
CN(C)C1CCN(C(=O)C2CC3(CCN(C4CC4)CC3)C2)CC1,brics,6.0484294605555595,894.4798042932089,319.49300000000017,2.193599999999999,0.7977411512333809,0,4,True
O=C(C1CC2(CCN(C3CCOCC3)CC2)C1)N1CCC(C(F)(F)F)CC1,brics,6.046332295966816,898.809603417946,388.4740000000001,3.4585000000000026,0.726378980313628,0,4,True
CN(C)C1CCN(C(=O)C2CC3(CCN(C4CCOCC4)CC3)C2)CC1,brics,6.0442214752236705,903.1887611065564,363.5460000000003,2.2101999999999995,0.7702580474327179,0,4,True
CN(C)[C@H]1CCCN1C(=O)C1CC2(CCN([C@@H]3COCCO3)CC2)C1,brics,6.043772646904766,904.1226579295028,351.4910000000002,1.3616000000000001,0.7682909821944811,0,4,True
CN1CCN(C(=O)C2CC3(CCN(C4CC4)CC3)C2)[C@H](N(C)C)C1,brics,6.043433948333335,904.8280421934036,334.50800000000004,1.3027000000000009,0.7782814567375348,0,4,True
CN(C)C(=O)C1CC2(CCN([C@H]3CCCN3C3CCOCC3)CC2)C1,brics,6.0431228948557045,905.4763366940415,349.51900000000023,2.1677,0.7823343435195478,0,4,True
CN1CCN(C(=O)C2CC3(CCN([C@@H]4COCCO4)CC3)C2)[C@H](C2CCOCC2)C1,brics,6.042932537388171,905.8733068834141,421.58200000000033,1.4207000000000019,0.6871350630886036,0,5,True
O=C(C1CC2(CCN([C@@H]3COCCO3)CC2)C1)N1CCC(C(F)(F)F)CC1,brics,6.038327998888893,915.528780093622,390.4460000000001,2.652400000000001,0.7271262012300481,0,4,True
CN(C)C1CC2(CCN(C(=O)C3CC4(CCN([C@@H]5COCCO5)CC4)C3)CC2)C1,brics,6.031986785829731,928.9946526393352,405.5830000000004,2.1842999999999995,0.7202487438692536,0,5,True
CN(C)C(=O)C1CC2(CCN(C(=O)C3CCOCC3)CC2)C1,brics,6.029688649444448,933.9236010948237,308.4220000000001,1.5199999999999996,0.7769920943049113,0,3,True
CN(C)C1CCN(C(=O)C2CC3(CCN([C@@H]4COCCO4)CC3)C2)CC1,brics,6.029649883571434,934.0069684437386,365.51800000000026,1.4041000000000006,0.7566122000784127,0,4,True
CN1CCN(C(=O)C2CC3(CCN(C4CCOCC4)CC3)C2)[C@H](N(C)C)C1,brics,6.029451619985573,934.4334575056754,378.5610000000002,1.3193000000000021,0.7407055478177511,0,4,True
CN1CCN(C(=O)C2CC3(CCN([C@@H]4COCCO4)CC3)C2)[C@H](C(F)(F)F)C1,brics,6.029179731269844,935.0186398352257,405.4610000000001,1.5563999999999998,0.697845239519212,0,4,True
O=C(C1CC2(CCN([C@@H]3COCCO3)CC2)C1)N1CCC([C@@H]2COCCO2)CC1,brics,6.027483598015878,938.6774870016915,408.53900000000027,1.5055000000000012,0.7055362266606771,0,5,True
CN(C)C(=O)C1CC2(CCN([C@H]3CCCN3[C@@H]3COCCO3)CC2)C1,brics,6.025241744047626,943.5355240176757,351.4910000000002,1.3616000000000001,0.7682909821944811,0,4,True
CN(C)C(=O)C1CC2(CCN(C(=O)[C@@H]3COCCO3)CC2)C1,brics,6.0188025010461805,957.6294620882265,310.39400000000006,0.5088000000000006,0.7455120054358082,0,3,True
CN(C)C(=O)C1CC2(CCN([C@H]3CC[C@@](O)([C@@H]4COCCO4)CC3)CC2)C1,brics,6.017233630744815,961.0951136855684,380.5290000000003,1.6558999999999995,0.8067958775207504,0,4,True
CN1CCN(C(=O)C2CC3(CCN([C@@H]4COCCO4)CC3)C2)[C@H](N(C)C)C1,brics,6.009097449942282,979.2702254570456,380.5330000000002,0.5132000000000028,0.7112921616107425,0,4,True
